-- phpMyAdmin SQL Dump
-- version 4.8.5
-- https://www.phpmyadmin.net/
--
-- Host: localhost:3306
-- Generation Time: Dec 20, 2019 at 09:53 PM
-- Server version: 5.7.24
-- PHP Version: 7.2.19

SET SQL_MODE = "NO_AUTO_VALUE_ON_ZERO";
SET AUTOCOMMIT = 0;
START TRANSACTION;
SET time_zone = "+00:00";


/*!40101 SET @OLD_CHARACTER_SET_CLIENT=@@CHARACTER_SET_CLIENT */;
/*!40101 SET @OLD_CHARACTER_SET_RESULTS=@@CHARACTER_SET_RESULTS */;
/*!40101 SET @OLD_COLLATION_CONNECTION=@@COLLATION_CONNECTION */;
/*!40101 SET NAMES utf8mb4 */;

--
-- Database: `newborder_laravel`
--

-- --------------------------------------------------------

--
-- Table structure for table `failed_jobs`
--

CREATE TABLE `failed_jobs` (
  `id` bigint(20) UNSIGNED NOT NULL,
  `connection` text COLLATE utf8mb4_unicode_ci NOT NULL,
  `queue` text COLLATE utf8mb4_unicode_ci NOT NULL,
  `payload` longtext COLLATE utf8mb4_unicode_ci NOT NULL,
  `exception` longtext COLLATE utf8mb4_unicode_ci NOT NULL,
  `failed_at` timestamp NOT NULL DEFAULT CURRENT_TIMESTAMP
) ENGINE=InnoDB DEFAULT CHARSET=utf8mb4 COLLATE=utf8mb4_unicode_ci;

-- --------------------------------------------------------

--
-- Table structure for table `migrations`
--

CREATE TABLE `migrations` (
  `id` int(10) UNSIGNED NOT NULL,
  `migration` varchar(255) COLLATE utf8mb4_unicode_ci NOT NULL,
  `batch` int(11) NOT NULL
) ENGINE=InnoDB DEFAULT CHARSET=utf8mb4 COLLATE=utf8mb4_unicode_ci;

--
-- Dumping data for table `migrations`
--

INSERT INTO `migrations` (`id`, `migration`, `batch`) VALUES
(1, '2014_10_12_000000_create_users_table', 1),
(2, '2014_10_12_100000_create_password_resets_table', 1),
(3, '2019_08_19_000000_create_failed_jobs_table', 1);

-- --------------------------------------------------------

--
-- Table structure for table `password_resets`
--

CREATE TABLE `password_resets` (
  `email` varchar(255) COLLATE utf8mb4_unicode_ci NOT NULL,
  `token` varchar(255) COLLATE utf8mb4_unicode_ci NOT NULL,
  `created_at` timestamp NULL DEFAULT NULL
) ENGINE=InnoDB DEFAULT CHARSET=utf8mb4 COLLATE=utf8mb4_unicode_ci;

-- --------------------------------------------------------

--
-- Table structure for table `sales_branch`
--

CREATE TABLE `sales_branch` (
  `id` bigint(20) NOT NULL,
  `cod_sucursal` int(11) DEFAULT NULL,
  `forma_entrega` varchar(50) DEFAULT NULL,
  `destino_entrega` text,
  `region_cac` varchar(45) DEFAULT NULL,
  `modified_by` int(11) DEFAULT NULL,
  `modified_ip` text,
  `created_at` timestamp NOT NULL,
  `updated_at` timestamp NOT NULL
) ENGINE=InnoDB DEFAULT CHARSET=utf8 ROW_FORMAT=COMPACT;

--
-- Dumping data for table `sales_branch`
--

INSERT INTO `sales_branch` (`id`, `cod_sucursal`, `forma_entrega`, `destino_entrega`, `region_cac`, `modified_by`, `modified_ip`, `created_at`, `updated_at`) VALUES
(1, 169, 'CAC', 'ANTOFAGASTA SSCC', 'II\r', NULL, NULL, '0000-00-00 00:00:00', '0000-00-00 00:00:00'),
(2, 163, 'CAC', 'APOQUINDO SSCC', 'XIII\r', NULL, NULL, '0000-00-00 00:00:00', '0000-00-00 00:00:00'),
(3, 167, 'CAC', 'ARICA SSCC', 'XV\r', NULL, NULL, '0000-00-00 00:00:00', '0000-00-00 00:00:00'),
(4, 211, 'CAC', 'CALAMA SSCC', 'II\r', NULL, NULL, '0000-00-00 00:00:00', '0000-00-00 00:00:00'),
(5, 5006, 'CAC', 'CASTRO SSCC', 'X\r', NULL, NULL, '0000-00-00 00:00:00', '0000-00-00 00:00:00'),
(6, 176, 'CAC', 'CHILLAN SSCC', 'VIII\r', NULL, NULL, '0000-00-00 00:00:00', '0000-00-00 00:00:00'),
(7, 177, 'CAC', 'CONCEPCION SSCC', 'VIII\r', NULL, NULL, '0000-00-00 00:00:00', '0000-00-00 00:00:00'),
(8, 170, 'CAC', 'COPIAPO SSCC', 'III\r', NULL, NULL, '0000-00-00 00:00:00', '0000-00-00 00:00:00'),
(9, 5103, 'CAC', 'COSTANERA CENTER SSCC', 'XIII\r', NULL, NULL, '0000-00-00 00:00:00', '0000-00-00 00:00:00'),
(10, 202, 'CAC', 'COYHAIQUE SSCC', 'XI\r', NULL, NULL, '0000-00-00 00:00:00', '0000-00-00 00:00:00'),
(11, 5450, 'CAC', 'CPS CHICUREO', 'XIII\r', NULL, NULL, '0000-00-00 00:00:00', '0000-00-00 00:00:00'),
(12, 5446, 'CAC', 'CPS COQUIMBO', 'IV\r', NULL, NULL, '0000-00-00 00:00:00', '0000-00-00 00:00:00'),
(13, 5453, 'CAC', 'CPS LA DEHESA', 'XIII\r', NULL, NULL, '0000-00-00 00:00:00', '0000-00-00 00:00:00'),
(14, 5451, 'CAC', 'CPS LA REINA', 'XIII\r', NULL, NULL, '0000-00-00 00:00:00', '0000-00-00 00:00:00'),
(15, 6264, 'CAC', 'CPS LAS CONDES', 'XIII\r', NULL, NULL, '0000-00-00 00:00:00', '0000-00-00 00:00:00'),
(16, 5449, 'CAC', 'CPS LOS ANDES', 'V\r', NULL, NULL, '0000-00-00 00:00:00', '0000-00-00 00:00:00'),
(17, 5452, 'CAC', 'CPS MELIPILLA', 'XIII\r', NULL, NULL, '0000-00-00 00:00:00', '0000-00-00 00:00:00'),
(18, 5447, 'CAC', 'CPS OVALLE', 'IV\r', NULL, NULL, '0000-00-00 00:00:00', '0000-00-00 00:00:00'),
(19, 5448, 'CAC', 'CPS QUILLOTA', 'V\r', NULL, NULL, '0000-00-00 00:00:00', '0000-00-00 00:00:00'),
(20, 4804, 'CAC', 'CPS SAN FERNANDO', 'VI\r', NULL, NULL, '0000-00-00 00:00:00', '0000-00-00 00:00:00'),
(21, 5445, 'CAC', 'CPS VALLENAR', 'III\r', NULL, NULL, '0000-00-00 00:00:00', '0000-00-00 00:00:00'),
(22, 5455, 'CAC', 'CPS VILLARRICA', 'IX\r', NULL, NULL, '0000-00-00 00:00:00', '0000-00-00 00:00:00'),
(23, 247, 'CAC', 'CURICO SSCC', 'VII\r', NULL, NULL, '0000-00-00 00:00:00', '0000-00-00 00:00:00'),
(24, 200, 'CAC', 'EL TREBOL CONCEP SSCC', 'VIII\r', NULL, NULL, '0000-00-00 00:00:00', '0000-00-00 00:00:00'),
(25, 193, 'CAC', 'ESTACION CENTRAL SSCC', 'XIII\r', NULL, NULL, '0000-00-00 00:00:00', '0000-00-00 00:00:00'),
(26, 162, 'CAC', 'ESTADO SSCC', 'XIII\r', NULL, NULL, '0000-00-00 00:00:00', '0000-00-00 00:00:00'),
(27, 189, 'CAC', 'FLORIDA CENTER SSCC', 'XIII\r', NULL, NULL, '0000-00-00 00:00:00', '0000-00-00 00:00:00'),
(28, 5091, 'CAC', 'GRAN AVENIDA SSCC', 'XIII\r', NULL, NULL, '0000-00-00 00:00:00', '0000-00-00 00:00:00'),
(29, 5109, 'CAC', 'HUERFANOS SSCC', 'XIII\r', NULL, NULL, '0000-00-00 00:00:00', '0000-00-00 00:00:00'),
(30, 168, 'CAC', 'IQUIQUE SSCC', 'I\r', NULL, NULL, '0000-00-00 00:00:00', '0000-00-00 00:00:00'),
(31, 5097, 'CAC', 'LA CALERA SSCC', 'V\r', NULL, NULL, '0000-00-00 00:00:00', '0000-00-00 00:00:00'),
(32, 171, 'CAC', 'LA SERENA SSCC', 'IV\r', NULL, NULL, '0000-00-00 00:00:00', '0000-00-00 00:00:00'),
(33, 5055, 'CAC', 'LINARES SSCC', 'VII\r', NULL, NULL, '0000-00-00 00:00:00', '0000-00-00 00:00:00'),
(34, 178, 'CAC', 'LOS ANGELES SSCC', 'VIII\r', NULL, NULL, '0000-00-00 00:00:00', '0000-00-00 00:00:00'),
(35, 184, 'CAC', 'MAIPU SSCC', 'XIII\r', NULL, NULL, '0000-00-00 00:00:00', '0000-00-00 00:00:00'),
(36, 5052, 'CAC', 'MERCED SSCC', 'XIII\r', NULL, NULL, '0000-00-00 00:00:00', '0000-00-00 00:00:00'),
(37, 181, 'CAC', 'OSORNO SSCC', 'X\r', NULL, NULL, '0000-00-00 00:00:00', '0000-00-00 00:00:00'),
(38, 5105, 'CAC', 'PLAZA BIO BIO SSCC', 'VIII\r', NULL, NULL, '0000-00-00 00:00:00', '0000-00-00 00:00:00'),
(39, 187, 'CAC', 'PLAZA NORTE SSCC', 'XIII\r', NULL, NULL, '0000-00-00 00:00:00', '0000-00-00 00:00:00'),
(40, 203, 'CAC', 'PLAZA OESTE SSCC', 'XIII\r', NULL, NULL, '0000-00-00 00:00:00', '0000-00-00 00:00:00'),
(41, 190, 'CAC', 'PLAZA QUILIN SSCC', 'XIII\r', NULL, NULL, '0000-00-00 00:00:00', '0000-00-00 00:00:00'),
(42, 182, 'CAC', 'PTO  MONTT SSCC', 'X\r', NULL, NULL, '0000-00-00 00:00:00', '0000-00-00 00:00:00'),
(43, 188, 'CAC', 'PUENTE ALTO SSCC', 'XIII\r', NULL, NULL, '0000-00-00 00:00:00', '0000-00-00 00:00:00'),
(44, 5107, 'CAC', 'PUERTO MONTT II SSCC', 'X\r', NULL, NULL, '0000-00-00 00:00:00', '0000-00-00 00:00:00'),
(45, 229, 'CAC', 'PUNTA ARENAS SSCC', 'XII\r', NULL, NULL, '0000-00-00 00:00:00', '0000-00-00 00:00:00'),
(46, 3981, 'CAC', 'QUILPUE SSCC', 'V\r', NULL, NULL, '0000-00-00 00:00:00', '0000-00-00 00:00:00'),
(47, 174, 'CAC', 'RANCAGUA SSCC', 'VI\r', NULL, NULL, '0000-00-00 00:00:00', '0000-00-00 00:00:00'),
(48, 3980, 'CAC', 'SAN ANTONIO SSCC', 'V\r', NULL, NULL, '0000-00-00 00:00:00', '0000-00-00 00:00:00'),
(49, 185, 'CAC', 'SAN BERNARDO SSCC', 'XIII\r', NULL, NULL, '0000-00-00 00:00:00', '0000-00-00 00:00:00'),
(50, 165, 'CAC', 'SAN DAMIAN SSCC', 'XIII\r', NULL, NULL, '0000-00-00 00:00:00', '0000-00-00 00:00:00'),
(51, 5099, 'CAC', 'SAN FELIPE SSCC', 'V\r', NULL, NULL, '0000-00-00 00:00:00', '0000-00-00 00:00:00'),
(52, 166, 'CAC', 'SANTIAGO DOWNTOWN SSCC', 'XIII\r', NULL, NULL, '0000-00-00 00:00:00', '0000-00-00 00:00:00'),
(53, 175, 'CAC', 'TALCA SSCC', 'VII\r', NULL, NULL, '0000-00-00 00:00:00', '0000-00-00 00:00:00'),
(54, 179, 'CAC', 'TEMUCO SSCC', 'IX\r', NULL, NULL, '0000-00-00 00:00:00', '0000-00-00 00:00:00'),
(55, 180, 'CAC', 'VALDIVIA SSCC', 'XIV\r', NULL, NULL, '0000-00-00 00:00:00', '0000-00-00 00:00:00'),
(56, 173, 'CAC', 'VALPARAISO SSCC', 'V\r', NULL, NULL, '0000-00-00 00:00:00', '0000-00-00 00:00:00'),
(57, 5368, 'CAC', 'VESPUCIO II SSCC', 'XIII\r', NULL, NULL, '0000-00-00 00:00:00', '0000-00-00 00:00:00'),
(58, 164, 'CAC', 'VESPUCIO SSCC', 'XIII\r', NULL, NULL, '0000-00-00 00:00:00', '0000-00-00 00:00:00'),
(59, 172, 'CAC', 'VINA DEL MAR SSCC', 'V\r', NULL, NULL, '0000-00-00 00:00:00', '0000-00-00 00:00:00'),
(60, 5051, 'CAC', 'VINA II SSCC', 'V\r', NULL, NULL, '0000-00-00 00:00:00', '0000-00-00 00:00:00'),
(61, 1002, 'DELIVERY', 'DELIVERY-CAC', 'XIII\r', NULL, NULL, '0000-00-00 00:00:00', '0000-00-00 00:00:00'),
(62, 1001, 'DELIVERY', 'OUTPARTNERS', 'XIII\r', NULL, NULL, '0000-00-00 00:00:00', '0000-00-00 00:00:00'),
(63, 1000, 'DELIVERY', 'RAYO', 'XIII\r', NULL, NULL, '0000-00-00 00:00:00', '0000-00-00 00:00:00'),
(64, 1163, 'DELIVERY-CAC', 'DELIVERY-CAC-APOQUINDO SSCC', 'XIII\r', NULL, NULL, '0000-00-00 00:00:00', '0000-00-00 00:00:00'),
(65, 1177, 'DELIVERY-CAC', 'DELIVERY-CAC-CONCEPCI?N SSCC', 'VIII\r', NULL, NULL, '0000-00-00 00:00:00', '0000-00-00 00:00:00'),
(66, 15103, 'DELIVERY-CAC', 'DELIVERY-CAC-COSTANERA CENTER SSCC', 'XIII\r', NULL, NULL, '0000-00-00 00:00:00', '0000-00-00 00:00:00'),
(67, 1184, 'DELIVERY-CAC', 'DELIVERY-CAC-MAIPU', 'XIII\r', NULL, NULL, '0000-00-00 00:00:00', '0000-00-00 00:00:00'),
(68, 15105, 'DELIVERY-CAC', 'DELIVERY-CAC-PLAZA BIO BIO SSCC', 'VIII\r', NULL, NULL, '0000-00-00 00:00:00', '0000-00-00 00:00:00'),
(69, 1185, 'DELIVERY-CAC', 'DELIVERY-CAC-SAN BERNARDO SSCC', 'XIII\r', NULL, NULL, '0000-00-00 00:00:00', '0000-00-00 00:00:00'),
(70, 1172, 'DELIVERY-CAC', 'DELIVERY-CAC-VI?A DEL MAR SSCC', 'V\r', NULL, NULL, '0000-00-00 00:00:00', '0000-00-00 00:00:00'),
(71, 4783, 'DAC', 'DAC - CALDERA', 'III\r', NULL, NULL, '0000-00-00 00:00:00', '0000-00-00 00:00:00'),
(72, 3446, 'DAC', 'DAC - COQUIMBO', 'IV\r', NULL, NULL, '0000-00-00 00:00:00', '0000-00-00 00:00:00'),
(73, 6176, 'DAC', 'DAC - CURIC?;IX\r', NULL, NULL, NULL, '0000-00-00 00:00:00', '0000-00-00 00:00:00'),
(74, 6400, 'DAC', 'DAC - LA UNI?N', 'X\r', NULL, NULL, '0000-00-00 00:00:00', '0000-00-00 00:00:00'),
(75, 3204, 'DAC', 'DAC - OVALLE', 'IV\r', NULL, NULL, '0000-00-00 00:00:00', '0000-00-00 00:00:00'),
(76, 2286, 'DAC', 'DAC - QUILLOTA', 'V\r', NULL, NULL, '0000-00-00 00:00:00', '0000-00-00 00:00:00'),
(77, 3673, 'DAC', 'DAC - RANCAGUA', 'VI\r', NULL, NULL, '0000-00-00 00:00:00', '0000-00-00 00:00:00'),
(78, 5725, 'DAC', 'DAC - TEMUCO', 'IX\r', NULL, NULL, '0000-00-00 00:00:00', '0000-00-00 00:00:00'),
(79, 5590, 'DAC', 'DAC - TEMUCO', 'IX\r', NULL, NULL, '0000-00-00 00:00:00', '0000-00-00 00:00:00'),
(80, 1365, 'DAC', 'DAC - YUNGAY', 'VIII\r', NULL, NULL, '0000-00-00 00:00:00', '0000-00-00 00:00:00'),
(81, 5988, 'GGPP', 'GGPP - MAIPU', 'XIII\r', NULL, NULL, '0000-00-00 00:00:00', '0000-00-00 00:00:00'),
(82, 5989, 'GGPP', 'GGPP - MALL PLAZA LOS DOMINICOS ', 'XIII\r', NULL, NULL, '0000-00-00 00:00:00', '0000-00-00 00:00:00'),
(83, 5990, 'GGPP', 'GGPP - PUENTE ALTO', 'XIII\r', NULL, NULL, '0000-00-00 00:00:00', '0000-00-00 00:00:00'),
(84, 5991, 'GGPP', 'GGPP - ALTO LAS CONDES ', 'XIII\r', NULL, NULL, '0000-00-00 00:00:00', '0000-00-00 00:00:00'),
(85, 5992, 'GGPP', 'GGPP - MALL PLAZA TOBALABA', 'XIII\r', NULL, NULL, '0000-00-00 00:00:00', '0000-00-00 00:00:00'),
(86, 5993, 'GGPP', 'GGPP - PORTAL ?U?OA ', 'XIII\r', NULL, NULL, '0000-00-00 00:00:00', '0000-00-00 00:00:00'),
(87, 5994, 'GGPP', 'GGPP - CORONEL', 'VIII\r', NULL, NULL, '0000-00-00 00:00:00', '0000-00-00 00:00:00'),
(88, 5995, 'GGPP', 'GGPP - TOME', 'VIII\r', NULL, NULL, '0000-00-00 00:00:00', '0000-00-00 00:00:00'),
(89, 5996, 'GGPP', 'GGPP - TALCAHUANO', 'VIII\r', NULL, NULL, '0000-00-00 00:00:00', '0000-00-00 00:00:00'),
(90, 6001, 'GGPP', 'GGPP - MALL PLAZA ALAMEDA', 'XIII\r', NULL, NULL, '0000-00-00 00:00:00', '0000-00-00 00:00:00'),
(91, 6002, 'GGPP', 'GGPP - MALL PLAZA NORTE', 'XIII\r', NULL, NULL, '0000-00-00 00:00:00', '0000-00-00 00:00:00'),
(92, 6003, 'GGPP', 'GGPP - LA FLORIDA', 'XIII\r', NULL, NULL, '0000-00-00 00:00:00', '0000-00-00 00:00:00'),
(93, 6005, 'GGPP', 'GGPP - SANTIAGO CENTRO ALAMEDA', 'XIII\r', NULL, NULL, '0000-00-00 00:00:00', '0000-00-00 00:00:00'),
(94, 6006, 'GGPP', 'GGPP - MALL CENTRO COMERCIAL PLAZA PUENTE', 'XIII\r', NULL, NULL, '0000-00-00 00:00:00', '0000-00-00 00:00:00'),
(95, 6007, 'GGPP', 'GGPP - SANTIAGO CENTRO MAC IVER', 'XIII\r', NULL, NULL, '0000-00-00 00:00:00', '0000-00-00 00:00:00'),
(96, 6008, 'GGPP', 'GGPP - U DE CHILE (LOCAL) ', 'XIII\r', NULL, NULL, '0000-00-00 00:00:00', '0000-00-00 00:00:00'),
(97, 6010, 'GGPP', 'GGPP - CONCEPCION', 'VIII\r', NULL, NULL, '0000-00-00 00:00:00', '0000-00-00 00:00:00'),
(98, 6011, 'GGPP', 'GGPP - CONCEPCION 3', 'VIII\r', NULL, NULL, '0000-00-00 00:00:00', '0000-00-00 00:00:00'),
(99, 6495, 'GGPP', 'GGPP - SANTIAGO CENTRO SANTO DOMINGO', 'XIII\r', NULL, NULL, '0000-00-00 00:00:00', '0000-00-00 00:00:00'),
(100, 6496, 'GGPP', 'GGPP - MALL ESPACIO URBANO PUENTE ALTO', 'XIII\r', NULL, NULL, '0000-00-00 00:00:00', '0000-00-00 00:00:00'),
(101, 6498, 'GGPP', 'GGPP - ARAUCO ESTACI?N (EXGUPAMA 2)', 'XIII\r', NULL, NULL, '0000-00-00 00:00:00', '0000-00-00 00:00:00'),
(102, 6501, 'GGPP', 'GGPP - MALL FLORIDA CENTER', 'XIII\r', NULL, NULL, '0000-00-00 00:00:00', '0000-00-00 00:00:00'),
(103, 6502, 'GGPP', 'GGPP - MALL MARINA ARAUCO', 'V\r', NULL, NULL, '0000-00-00 00:00:00', '0000-00-00 00:00:00'),
(104, 6504, 'GGPP', 'GGPP - RANCAGUA 2', 'VI\r', NULL, NULL, '0000-00-00 00:00:00', '0000-00-00 00:00:00'),
(105, 6505, 'GGPP', 'GGPP - RANCAGUA 1', 'VI\r', NULL, NULL, '0000-00-00 00:00:00', '0000-00-00 00:00:00'),
(106, 6506, 'GGPP', 'GGPP - CURICO', 'VII\r', NULL, NULL, '0000-00-00 00:00:00', '0000-00-00 00:00:00'),
(107, 6507, 'GGPP', 'GGPP - TALCA', 'VII\r', NULL, NULL, '0000-00-00 00:00:00', '0000-00-00 00:00:00'),
(108, 6508, 'GGPP', 'GGPP - MALL PORTAL CENTRO TALCA', 'VII\r', NULL, NULL, '0000-00-00 00:00:00', '0000-00-00 00:00:00'),
(109, 6509, 'GGPP', 'GGPP - LINARES', 'VII\r', NULL, NULL, '0000-00-00 00:00:00', '0000-00-00 00:00:00'),
(110, 6510, 'GGPP', 'GGPP - MALL COSTA PACIFICO', 'VIII\r', NULL, NULL, '0000-00-00 00:00:00', '0000-00-00 00:00:00'),
(111, 6511, 'GGPP', 'GGPP - MALL PLAZA LOS ANGELES', 'VIII\r', NULL, NULL, '0000-00-00 00:00:00', '0000-00-00 00:00:00'),
(112, 6512, 'GGPP', 'GGPP - MALL ARAUCO CHILLAN ', 'VIII\r', NULL, NULL, '0000-00-00 00:00:00', '0000-00-00 00:00:00'),
(113, 6513, 'GGPP', 'GGPP - CA?ETE. ARAUCO', 'VIII\r', NULL, NULL, '0000-00-00 00:00:00', '0000-00-00 00:00:00'),
(114, 6514, 'GGPP', 'GGPP - MALL PLAZA EL TREBOL', 'VIII\r', NULL, NULL, '0000-00-00 00:00:00', '0000-00-00 00:00:00'),
(115, 6516, 'GGPP', 'GGPP - LOTA', 'VIII\r', NULL, NULL, '0000-00-00 00:00:00', '0000-00-00 00:00:00'),
(116, 6517, 'GGPP', 'GGPP - ARAUCO', 'VIII\r', NULL, NULL, '0000-00-00 00:00:00', '0000-00-00 00:00:00'),
(117, 6518, 'GGPP', 'GGPP - ANGOL', 'IX\r', NULL, NULL, '0000-00-00 00:00:00', '0000-00-00 00:00:00'),
(118, 6519, 'GGPP', 'GGPP - MALL PORTAL TEMUCO ', 'IX\r', NULL, NULL, '0000-00-00 00:00:00', '0000-00-00 00:00:00'),
(119, 6521, 'GGPP', 'GGPP - TEMUCO', 'IX\r', NULL, NULL, '0000-00-00 00:00:00', '0000-00-00 00:00:00'),
(120, 6523, 'GGPP', 'GGPP - VILLARRICA', 'IX\r', NULL, NULL, '0000-00-00 00:00:00', '0000-00-00 00:00:00'),
(121, 6524, 'GGPP', 'GGPP - VALDIVIA', 'XIV\r', NULL, NULL, '0000-00-00 00:00:00', '0000-00-00 00:00:00'),
(122, 6525, 'GGPP', 'GGPP - PUERTO MONTT', 'X\r', NULL, NULL, '0000-00-00 00:00:00', '0000-00-00 00:00:00'),
(123, 6526, 'GGPP', 'GGPP - TALCA', 'VII\r', NULL, NULL, '0000-00-00 00:00:00', '0000-00-00 00:00:00'),
(124, 6527, 'GGPP', 'GGPP - CENTRO COMERCIAL ANCUD', 'X\r', NULL, NULL, '0000-00-00 00:00:00', '0000-00-00 00:00:00'),
(125, 6528, 'GGPP', 'GGPP - MALL CENTRO COMERCIAL PASEO CHILOE', 'X\r', NULL, NULL, '0000-00-00 00:00:00', '0000-00-00 00:00:00'),
(126, 6615, 'GGPP', 'GGPP - PUNTA ARENAS', 'XII\r', NULL, NULL, '0000-00-00 00:00:00', '0000-00-00 00:00:00'),
(127, 6532, 'GGPP', 'GGPP - ARICA 1', 'XV\r', NULL, NULL, '0000-00-00 00:00:00', '0000-00-00 00:00:00'),
(128, 6533, 'GGPP', 'GGPP - MALL VIVO ARICA', 'XV\r', NULL, NULL, '0000-00-00 00:00:00', '0000-00-00 00:00:00'),
(129, 6534, 'GGPP', 'GGPP -  ALTO HOSPICIO', 'I\r', NULL, NULL, '0000-00-00 00:00:00', '0000-00-00 00:00:00'),
(130, 6535, 'GGPP', 'GGPP - CALAMA', 'II\r', NULL, NULL, '0000-00-00 00:00:00', '0000-00-00 00:00:00'),
(131, 6536, 'GGPP', 'GGPP - MALL PLAZA ANTOFAGASTA', 'II\r', NULL, NULL, '0000-00-00 00:00:00', '0000-00-00 00:00:00'),
(132, 6538, 'GGPP', 'GGPP - COPIAPO', 'III\r', NULL, NULL, '0000-00-00 00:00:00', '0000-00-00 00:00:00'),
(133, 6539, 'GGPP', 'GGPP - MALL PLAZA LA SERENA', 'IV\r', NULL, NULL, '0000-00-00 00:00:00', '0000-00-00 00:00:00'),
(134, 6540, 'GGPP', 'GGPP - JUMBO LA SERENA', 'IV\r', NULL, NULL, '0000-00-00 00:00:00', '0000-00-00 00:00:00'),
(135, 6541, 'GGPP', 'GGPP - LA SERENA 2', 'IV\r', NULL, NULL, '0000-00-00 00:00:00', '0000-00-00 00:00:00'),
(136, 6550, 'GGPP', 'GGPP - MALL VIVO MELIPILLA  ', 'XIII\r', NULL, NULL, '0000-00-00 00:00:00', '0000-00-00 00:00:00'),
(137, 6551, 'GGPP', 'GGPP - MALL ARAUCO CURICO', 'VII\r', NULL, NULL, '0000-00-00 00:00:00', '0000-00-00 00:00:00'),
(138, 6552, 'GGPP', 'GGPP - LA SERENA', 'IV\r', NULL, NULL, '0000-00-00 00:00:00', '0000-00-00 00:00:00'),
(139, 6553, 'GGPP', 'GGPP - PUERTO MONTT 2', 'X\r', NULL, NULL, '0000-00-00 00:00:00', '0000-00-00 00:00:00'),
(140, 6566, 'GGPP', 'GGPP - CASTRO', 'X\r', NULL, NULL, '0000-00-00 00:00:00', '0000-00-00 00:00:00'),
(141, 6609, 'GGPP', 'GGPP - PARQUE ARAUCO', 'XIII\r', NULL, NULL, '0000-00-00 00:00:00', '0000-00-00 00:00:00'),
(142, 6616, 'GGPP', 'GGPP - PASEO AHUMADA', 'XIII\r', NULL, NULL, '0000-00-00 00:00:00', '0000-00-00 00:00:00'),
(143, 6612, 'GGPP', 'GGPP - VICTORIA', 'IX\r', NULL, NULL, '0000-00-00 00:00:00', '0000-00-00 00:00:00'),
(144, 6613, 'GGPP', 'GGPP - MALL LINARES', 'VII\r', NULL, NULL, '0000-00-00 00:00:00', '0000-00-00 00:00:00'),
(145, 6618, 'GGPP', 'GGPP - LOS ANGELES', 'VIII\r', NULL, NULL, '0000-00-00 00:00:00', '0000-00-00 00:00:00'),
(146, 6606, 'GGPP', 'GGPP - MALL COPIAPO', 'III\r', NULL, NULL, '0000-00-00 00:00:00', '0000-00-00 00:00:00'),
(147, 6614, 'GGPP', 'GGPP - MALL EL ROBLE CHILLAN', 'VIII', NULL, NULL, '0000-00-00 00:00:00', '0000-00-00 00:00:00');

-- --------------------------------------------------------

--
-- Table structure for table `sales_city`
--

CREATE TABLE `sales_city` (
  `id` int(11) NOT NULL,
  `description` varchar(45) DEFAULT NULL,
  `created_at` timestamp NULL DEFAULT NULL,
  `update_at` timestamp NULL DEFAULT NULL
) ENGINE=InnoDB DEFAULT CHARSET=utf8 ROW_FORMAT=COMPACT;

--
-- Dumping data for table `sales_city`
--

INSERT INTO `sales_city` (`id`, `description`, `created_at`, `update_at`) VALUES
(1, 'GENERAL CARRERA', NULL, NULL),
(2, 'COYHAIQUE', NULL, NULL),
(3, 'CAPITAN PRAT', NULL, NULL),
(4, 'AYSEN', NULL, NULL),
(5, 'TOCOPILLA', NULL, NULL),
(6, 'EL LOA', NULL, NULL),
(7, 'ANTOFAGASTA', NULL, NULL),
(8, 'CALAMA', NULL, NULL),
(9, 'PARINACOTA', NULL, NULL),
(10, 'ARICA', NULL, NULL),
(11, 'HUASCO', NULL, NULL),
(12, 'COPIAPO', NULL, NULL),
(13, 'CHANARAL', NULL, NULL),
(14, 'NUBLE', NULL, NULL),
(15, 'CONCEPCION', NULL, NULL),
(16, 'BIO BIO', NULL, NULL),
(17, 'ARAUCO', NULL, NULL),
(18, 'LIMARI', NULL, NULL),
(19, 'ELQUI', NULL, NULL),
(20, 'CHOAPA', NULL, NULL),
(21, 'OVALLE', NULL, NULL),
(22, 'MALLECO', NULL, NULL),
(23, 'CAUTIN', NULL, NULL),
(24, 'COLCHAGUA', NULL, NULL),
(25, 'CARDENAL CARO', NULL, NULL),
(26, 'CACHAPOAL', NULL, NULL),
(27, 'RANCAGUA', NULL, NULL),
(28, 'PICHILEMU', NULL, NULL),
(29, 'PALENA', NULL, NULL),
(30, 'OSORNO', NULL, NULL),
(31, 'LLANQUIHUE', NULL, NULL),
(32, 'CHILOE', NULL, NULL),
(33, 'CASTRO', NULL, NULL),
(34, 'CHAITEN', NULL, NULL),
(35, 'VALDIVIA', NULL, NULL),
(36, 'RANCO', NULL, NULL),
(37, 'ULTIMA ESPERANZA', NULL, NULL),
(38, 'TIERRA DEL FUEGO', NULL, NULL),
(39, 'MAGALLANES', NULL, NULL),
(40, 'ANTARTICA CHILENA', NULL, NULL),
(41, 'TALCA', NULL, NULL),
(42, 'LINARES', NULL, NULL),
(43, 'CURICO', NULL, NULL),
(44, 'CAUQUENES', NULL, NULL),
(45, 'TALAGANTE', NULL, NULL),
(46, 'SANTIAGO', NULL, NULL),
(47, 'MELIPILLA', NULL, NULL),
(48, 'MAIPO', NULL, NULL),
(49, 'CORDILLERA', NULL, NULL),
(50, 'CHACABUCO', NULL, NULL),
(51, 'TAMARUGAL', NULL, NULL),
(52, 'IQUIQUE', NULL, NULL),
(53, 'VALPARAISO', NULL, NULL),
(54, 'SAN FELIPE DE ACONCAGUA', NULL, NULL),
(55, 'SAN ANTONIO', NULL, NULL),
(56, 'QUILLOTA', NULL, NULL),
(57, 'PETORCA', NULL, NULL),
(58, 'MARGA MARGA', NULL, NULL),
(59, 'LOS ANDES', NULL, NULL);

-- --------------------------------------------------------

--
-- Table structure for table `sales_comuna`
--

CREATE TABLE `sales_comuna` (
  `id` int(11) NOT NULL,
  `description` varchar(45) DEFAULT NULL,
  `city` int(11) DEFAULT NULL,
  `created_at` timestamp NULL DEFAULT NULL,
  `update_at` timestamp NULL DEFAULT NULL
) ENGINE=InnoDB DEFAULT CHARSET=utf8 ROW_FORMAT=COMPACT;

--
-- Dumping data for table `sales_comuna`
--

INSERT INTO `sales_comuna` (`id`, `description`, `city`, `created_at`, `update_at`) VALUES
(1, 'ALCONES', 21, NULL, NULL),
(2, 'ALGARROBO', 55, NULL, NULL),
(3, 'ALHUE', 47, NULL, NULL),
(4, 'ALTO BIO BIO', 16, NULL, NULL),
(5, 'ALTO DEL CARMEN', 11, NULL, NULL),
(6, 'ALTO HOSPICIO', 52, NULL, NULL),
(7, 'ANCUD', 32, NULL, NULL),
(8, 'ANDACOLLO', 19, NULL, NULL),
(9, 'ANGOL', 22, NULL, NULL),
(10, 'ANTARTICA', 40, NULL, NULL),
(11, 'ANTOFAGASTA', 7, NULL, NULL),
(12, 'ANTUCO', 16, NULL, NULL),
(13, 'ARAUCO', 17, NULL, NULL),
(14, 'ARICA', 10, NULL, NULL),
(15, 'AYSEN', 4, NULL, NULL),
(16, 'BUCALEMU', 28, NULL, NULL),
(17, 'BUIN', 48, NULL, NULL),
(18, 'BULNES', 14, NULL, NULL),
(19, 'CABILDO', 57, NULL, NULL),
(20, 'CABO DE HORNOS', 40, NULL, NULL),
(21, 'CABRERO', 16, NULL, NULL),
(22, 'CALAMA', 8, NULL, NULL),
(23, 'CALBUCO', 31, NULL, NULL),
(24, 'CALDERA', 12, NULL, NULL),
(25, 'CALERA DE TANGO', 48, NULL, NULL),
(26, 'CALLE LARGA', 59, NULL, NULL),
(27, 'CAMARONES', 10, NULL, NULL),
(28, 'CAMINA', 51, NULL, NULL),
(29, 'CANELA', 20, NULL, NULL),
(30, 'CANETE', 17, NULL, NULL),
(31, 'CARTAGENA', 55, NULL, NULL),
(32, 'CASABLANCA', 53, NULL, NULL),
(33, 'CASTRO', 33, NULL, NULL),
(34, 'CATEMU', 54, NULL, NULL),
(35, 'CAUQUENES', 44, NULL, NULL),
(36, 'CERRILLOS', 46, NULL, NULL),
(37, 'CERRO NAVIA', 46, NULL, NULL),
(38, 'CHAITEN', 34, NULL, NULL),
(39, 'CHANARAL', 13, NULL, NULL),
(40, 'CHANCO', 44, NULL, NULL),
(41, 'CHEPICA', 24, NULL, NULL),
(42, 'CHIGUAYANTE', 15, NULL, NULL),
(43, 'CHILE CHICO', 1, NULL, NULL),
(44, 'CHILLAN VIEJO', 14, NULL, NULL),
(45, 'CHILLAN', 14, NULL, NULL),
(46, 'CHILOE', 32, NULL, NULL),
(47, 'CHIMBARONGO', 24, NULL, NULL),
(48, 'CHOL CHOL', 23, NULL, NULL),
(49, 'CHONCHI', 32, NULL, NULL),
(50, 'CHUQUICAMATA', 8, NULL, NULL),
(51, 'CISNES', 4, NULL, NULL),
(52, 'COBQUECURA', 14, NULL, NULL),
(53, 'COCHAMO', 31, NULL, NULL),
(54, 'COCHRANE', 3, NULL, NULL),
(55, 'CODEGUA', 26, NULL, NULL),
(56, 'COELEMU', 14, NULL, NULL),
(57, 'COIHUECO', 14, NULL, NULL),
(58, 'COINCO', 26, NULL, NULL),
(59, 'COLBUN', 42, NULL, NULL),
(60, 'COLCHANE', 51, NULL, NULL),
(61, 'COLINA', 50, NULL, NULL),
(62, 'COLLIPULLI', 22, NULL, NULL),
(63, 'COLTAUCO', 26, NULL, NULL),
(64, 'COMBARBALA', 18, NULL, NULL),
(65, 'CONCEPCION', 15, NULL, NULL),
(66, 'CONCHALI', 46, NULL, NULL),
(67, 'CONCON', 53, NULL, NULL),
(68, 'CONSTITUCION', 41, NULL, NULL),
(69, 'CONTULMO', 17, NULL, NULL),
(70, 'COPIAPO', 12, NULL, NULL),
(71, 'COQUIMBO', 19, NULL, NULL),
(72, 'CORCOVADO', 33, NULL, NULL),
(73, 'CORONEL', 15, NULL, NULL),
(74, 'CORRAL', 35, NULL, NULL),
(75, 'COYHAIQUE', 2, NULL, NULL),
(76, 'CUNCO', 23, NULL, NULL),
(77, 'CURACAUTIN', 22, NULL, NULL),
(78, 'CURACAVI', 47, NULL, NULL),
(79, 'CURACO DE VELEZ', 32, NULL, NULL),
(80, 'CURAHUE', 23, NULL, NULL),
(81, 'CURANILAHUE', 17, NULL, NULL),
(82, 'CURARREHUE', 23, NULL, NULL),
(83, 'CUREPTO', 41, NULL, NULL),
(84, 'CURICO', 43, NULL, NULL),
(85, 'DALCAHUE', 32, NULL, NULL),
(86, 'DIEGO DE ALMAGRO', 13, NULL, NULL),
(87, 'DONIHUE', 26, NULL, NULL),
(88, 'EL BOSQUE', 46, NULL, NULL),
(89, 'EL CARMEN', 14, NULL, NULL),
(90, 'EL MONTE', 45, NULL, NULL),
(91, 'EL QUISCO', 55, NULL, NULL),
(92, 'EL TABO', 55, NULL, NULL),
(93, 'EMPEDRADO', 41, NULL, NULL),
(94, 'ENTRE LAGOS', 30, NULL, NULL),
(95, 'ERCILLA', 22, NULL, NULL),
(96, 'ESTACION CENTRAL', 46, NULL, NULL),
(97, 'FLORIDA', 15, NULL, NULL),
(98, 'FREIRE', 23, NULL, NULL),
(99, 'FREIRINA', 11, NULL, NULL),
(100, 'FRESIA', 31, NULL, NULL),
(101, 'FRUTILLAR', 31, NULL, NULL),
(102, 'FUTALEUFU', 29, NULL, NULL),
(103, 'FUTRONO', 36, NULL, NULL),
(104, 'GALVARINO', 23, NULL, NULL),
(105, 'GENERAL LAGOS', 9, NULL, NULL),
(106, 'GORBEA', 23, NULL, NULL),
(107, 'GRANEROS', 26, NULL, NULL),
(108, 'GUAITECAS', 4, NULL, NULL),
(109, 'GULTRO', 27, NULL, NULL),
(110, 'HIJUELAS', 56, NULL, NULL),
(111, 'HUALAIHUE', 29, NULL, NULL),
(112, 'HUALANE', 43, NULL, NULL),
(113, 'HUALPEN', 15, NULL, NULL),
(114, 'HUALQUI', 15, NULL, NULL),
(115, 'HUARA', 51, NULL, NULL),
(116, 'HUASCO', 11, NULL, NULL),
(117, 'HUECHURABA', 46, NULL, NULL),
(118, 'ILLAPEL', 20, NULL, NULL),
(119, 'INDEPENDENCIA', 46, NULL, NULL),
(120, 'IQUIQUE', 52, NULL, NULL),
(121, 'ISLA DE MAIPO', 45, NULL, NULL),
(122, 'ISLA DE PASCUA', 59, NULL, NULL),
(123, 'JUAN FERNANDEZ', 53, NULL, NULL),
(124, 'LA CALERA', 56, NULL, NULL),
(125, 'LA CISTERNA', 46, NULL, NULL),
(126, 'LA CRUZ', 56, NULL, NULL),
(127, 'LA ESTRELLA', 25, NULL, NULL),
(128, 'LA FLORIDA', 46, NULL, NULL),
(129, 'LA GRANJA', 46, NULL, NULL),
(130, 'LA HIGUERA', 19, NULL, NULL),
(131, 'LA LIGUA', 57, NULL, NULL),
(132, 'LA PINTANA', 46, NULL, NULL),
(133, 'LA REINA', 46, NULL, NULL),
(134, 'LA SERENA', 19, NULL, NULL),
(135, 'LA UNION', 36, NULL, NULL),
(136, 'LAGO RANCO', 36, NULL, NULL),
(137, 'LAGO VERDE', 2, NULL, NULL),
(138, 'LAGUNA BLANCA', 39, NULL, NULL),
(139, 'LAJA', 16, NULL, NULL),
(140, 'LAMPA', 50, NULL, NULL),
(141, 'LANCO', 35, NULL, NULL),
(142, 'LAS CABRAS', 26, NULL, NULL),
(143, 'LAS CONDES', 46, NULL, NULL),
(144, 'LAUTARO', 23, NULL, NULL),
(145, 'LEBU', 17, NULL, NULL),
(146, 'LICANTEN', 43, NULL, NULL),
(147, 'LIMACHE', 58, NULL, NULL),
(148, 'LINARES', 42, NULL, NULL),
(149, 'LITUECHE', 25, NULL, NULL),
(150, 'LLAILLAY', 54, NULL, NULL),
(151, 'LLANQUIHUE', 31, NULL, NULL),
(152, 'LO BARNECHEA', 46, NULL, NULL),
(153, 'LO ESPEJO', 46, NULL, NULL),
(154, 'LO LOL', 24, NULL, NULL),
(155, 'LO PRADO', 46, NULL, NULL),
(156, 'LONCOCHE', 23, NULL, NULL),
(157, 'LONGAVI', 42, NULL, NULL),
(158, 'LONQUIMAY', 22, NULL, NULL),
(159, 'LOS ALAMOS', 17, NULL, NULL),
(160, 'LOS ANDES', 59, NULL, NULL),
(161, 'LOS ANGELES', 16, NULL, NULL),
(162, 'LOS LAGOS', 35, NULL, NULL),
(163, 'LOS LIRIOS', 27, NULL, NULL),
(164, 'LOS MUERMOS', 31, NULL, NULL),
(165, 'LOS SAUCES', 22, NULL, NULL),
(166, 'LOS VILOS', 20, NULL, NULL),
(167, 'LOTA', 15, NULL, NULL),
(168, 'LUMACO', 22, NULL, NULL),
(169, 'MACHALI', 26, NULL, NULL),
(170, 'MACUL', 46, NULL, NULL),
(171, 'MAFIL', 35, NULL, NULL),
(172, 'MAIPU', 46, NULL, NULL),
(173, 'MALLOA', 26, NULL, NULL),
(174, 'MALLOCO', 46, NULL, NULL),
(175, 'MARCHIHUE', 25, NULL, NULL),
(176, 'MARIA ELENA', 5, NULL, NULL),
(177, 'MARIA PINTO', 47, NULL, NULL),
(178, 'MARIQUINA', 35, NULL, NULL),
(179, 'MAULE', 41, NULL, NULL),
(180, 'MAULLIN', 31, NULL, NULL),
(181, 'MEJILLONES', 7, NULL, NULL),
(182, 'MELIPILLA', 47, NULL, NULL),
(183, 'MOLINA', 43, NULL, NULL),
(184, 'MONTE PATRIA', 18, NULL, NULL),
(185, 'MOSTAZAL', 26, NULL, NULL),
(186, 'MULCHEN', 16, NULL, NULL),
(187, 'NACIMIENTO', 16, NULL, NULL),
(188, 'NANCAGUA', 24, NULL, NULL),
(189, 'NATALES', 37, NULL, NULL),
(190, 'NATANIEL', 46, NULL, NULL),
(191, 'NAVIDAD', 25, NULL, NULL),
(192, 'NEGRETE', 16, NULL, NULL),
(193, 'NINHUE', 14, NULL, NULL),
(194, 'NIQUEN', 14, NULL, NULL),
(195, 'NOGALES', 56, NULL, NULL),
(196, 'NUEVA IMPERIAL', 23, NULL, NULL),
(197, 'NUNOA', 46, NULL, NULL),
(198, 'OHIGGINS', 3, NULL, NULL),
(199, 'OLIVAR', 26, NULL, NULL),
(200, 'OLLAGUE', 6, NULL, NULL),
(201, 'OLMUE', 58, NULL, NULL),
(202, 'OSORNO', 30, NULL, NULL),
(203, 'OVALLE', 21, NULL, NULL),
(204, 'PUDAHUEL', 46, NULL, NULL),
(205, 'PADRE HURTADO', 45, NULL, NULL),
(206, 'PADRE LAS CASAS', 23, NULL, NULL),
(207, 'PAIGUANO', 19, NULL, NULL),
(208, 'PAILLACO', 35, NULL, NULL),
(209, 'PAINE', 48, NULL, NULL),
(210, 'PALENA', 29, NULL, NULL),
(211, 'PALMILLA', 24, NULL, NULL),
(212, 'PANGUIPULLI', 35, NULL, NULL),
(213, 'PANQUEHUE', 54, NULL, NULL),
(214, 'PAPUDO', 57, NULL, NULL),
(215, 'PAREDONES', 25, NULL, NULL),
(216, 'PARRAL', 42, NULL, NULL),
(217, 'PEDRO AGUIRRE CERDA', 46, NULL, NULL),
(218, 'PELARCO', 41, NULL, NULL),
(219, 'PELIPEUCO', 23, NULL, NULL),
(220, 'PELLUHUE', 44, NULL, NULL),
(221, 'PEMUCO', 14, NULL, NULL),
(222, 'PENAFLOR', 45, NULL, NULL),
(223, 'PENALOLEN', 46, NULL, NULL),
(224, 'PENCAHUE', 41, NULL, NULL),
(225, 'PENCO', 15, NULL, NULL),
(226, 'PERALILLO', 24, NULL, NULL),
(227, 'PERQUENCO', 23, NULL, NULL),
(228, 'PETORCA', 57, NULL, NULL),
(229, 'PEUMO', 26, NULL, NULL),
(230, 'PICA', 51, NULL, NULL),
(231, 'PICHIDEGUA', 26, NULL, NULL),
(232, 'PICHILEMU', 28, NULL, NULL),
(233, 'PINTO', 14, NULL, NULL),
(234, 'PIRQUE', 49, NULL, NULL),
(235, 'PITRUFQUEN', 23, NULL, NULL),
(236, 'PLACILLA', 24, NULL, NULL),
(237, 'PORTEZUELO', 14, NULL, NULL),
(238, 'PORVENIR', 38, NULL, NULL),
(239, 'POZO ALMONTE', 51, NULL, NULL),
(240, 'PRIMAVERA', 38, NULL, NULL),
(241, 'PROVIDENCIA', 46, NULL, NULL),
(242, 'PUAUCHO', 30, NULL, NULL),
(243, 'PUCHANCAVI', 53, NULL, NULL),
(244, 'PUCON', 23, NULL, NULL),
(245, 'PUENTE ALTO', 49, NULL, NULL),
(246, 'PUERTO MONTT', 31, NULL, NULL),
(247, 'PUERTO OCTAY', 30, NULL, NULL),
(248, 'PUERTO SAAVEDRA', 23, NULL, NULL),
(249, 'PUERTO VARAS', 31, NULL, NULL),
(250, 'PUMANQUE', 24, NULL, NULL),
(251, 'PUNITAQUI', 18, NULL, NULL),
(252, 'PUNTA ARENAS', 39, NULL, NULL),
(253, 'PUQUELDON', 32, NULL, NULL),
(254, 'PUREN', 22, NULL, NULL),
(255, 'PURRANQUE', 30, NULL, NULL),
(256, 'PUTAENDO', 54, NULL, NULL),
(257, 'PUTRE', 9, NULL, NULL),
(258, 'PUYEHUE', 30, NULL, NULL),
(259, 'QUEILEN', 32, NULL, NULL),
(260, 'QUELLON', 32, NULL, NULL),
(261, 'QUEMCHI', 32, NULL, NULL),
(262, 'QUILICURA', 46, NULL, NULL),
(263, 'QUILLACO', 16, NULL, NULL),
(264, 'QUILLECO', 16, NULL, NULL),
(265, 'QUILLON', 14, NULL, NULL),
(266, 'QUILLOTA', 56, NULL, NULL),
(267, 'QUILPUE', 58, NULL, NULL),
(268, 'QUINCHAO', 32, NULL, NULL),
(269, 'QUINTA DE TILCOCO', 26, NULL, NULL),
(270, 'QUINTA NORMAL', 46, NULL, NULL),
(271, 'QUINTERO', 53, NULL, NULL),
(272, 'QUIRIHUE', 14, NULL, NULL),
(273, 'RANCAGUA', 27, NULL, NULL),
(274, 'RANQUIL', 14, NULL, NULL),
(275, 'RAUCO', 43, NULL, NULL),
(276, 'RECOLETA', 46, NULL, NULL),
(277, 'RENAICO', 22, NULL, NULL),
(278, 'RENCA', 46, NULL, NULL),
(279, 'RENGO', 26, NULL, NULL),
(280, 'REQUINOA', 26, NULL, NULL),
(281, 'RETIRO', 42, NULL, NULL),
(282, 'RINCONADA', 59, NULL, NULL),
(283, 'RIO BUENO', 36, NULL, NULL),
(284, 'RIO CLARO', 41, NULL, NULL),
(285, 'RIO HURTADO', 18, NULL, NULL),
(286, 'RIO IBANEZ', 1, NULL, NULL),
(287, 'RIO NEGRO', 30, NULL, NULL),
(288, 'RIO VERDE', 39, NULL, NULL),
(289, 'ROMERAL', 43, NULL, NULL),
(290, 'SAGRADA FAMILIA', 43, NULL, NULL),
(291, 'SALAMANCA', 20, NULL, NULL),
(292, 'SAN ANTONIO', 55, NULL, NULL),
(293, 'SAN BERNARDO', 48, NULL, NULL),
(294, 'SAN CARLOS', 14, NULL, NULL),
(295, 'SAN CLEMENTE', 41, NULL, NULL),
(296, 'SAN ESTEBAN', 59, NULL, NULL),
(297, 'SAN FABIAN', 14, NULL, NULL),
(298, 'SAN FELIPE', 54, NULL, NULL),
(299, 'SAN FERNANDO', 24, NULL, NULL),
(300, 'SAN GREGORIO', 39, NULL, NULL),
(301, 'SAN IGNACIO', 14, NULL, NULL),
(302, 'SAN JAVIER', 42, NULL, NULL),
(303, 'SAN JOAQUIN', 46, NULL, NULL),
(304, 'SAN JOSE DE MAIPO', 49, NULL, NULL),
(305, 'SAN JUAN DE LA COSTA', 30, NULL, NULL),
(306, 'SAN MIGUEL', 46, NULL, NULL),
(307, 'SAN NICOLAS', 14, NULL, NULL),
(308, 'SAN PABLO', 30, NULL, NULL),
(309, 'SAN PEDRO DE ATACAMA', 6, NULL, NULL),
(310, 'SAN PEDRO DE LA PAZ', 15, NULL, NULL),
(311, 'SAN PEDRO', 47, NULL, NULL),
(312, 'SAN RAFAEL', 41, NULL, NULL),
(313, 'SAN RAMON', 46, NULL, NULL),
(314, 'SAN ROSENDO', 16, NULL, NULL),
(315, 'SAN VICENTE', 26, NULL, NULL),
(316, 'SANTA BARBARA', 16, NULL, NULL),
(317, 'SANTA CRUZ', 24, NULL, NULL),
(318, 'SANTA JUANA', 15, NULL, NULL),
(319, 'SANTA MARIA', 54, NULL, NULL),
(320, 'SANTIAGO', 46, NULL, NULL),
(321, 'SANTO DOMINGO', 55, NULL, NULL),
(322, 'SIERRA GORDA', 7, NULL, NULL),
(323, 'TAL TAL', 7, NULL, NULL),
(324, 'TALAGANTE', 45, NULL, NULL),
(325, 'TALCA', 41, NULL, NULL),
(326, 'TALCAHUANO', 15, NULL, NULL),
(327, 'TEMUCO', 23, NULL, NULL),
(328, 'TENO', 43, NULL, NULL),
(329, 'TEODORO SCHMIDT', 23, NULL, NULL),
(330, 'TIERRA AMARILLA', 12, NULL, NULL),
(331, 'TILTIL', 50, NULL, NULL),
(332, 'TIMAUKEL', 38, NULL, NULL),
(333, 'TIRUA', 17, NULL, NULL),
(334, 'TOCOPILLA', 5, NULL, NULL),
(335, 'TOLTEN', 23, NULL, NULL),
(336, 'TOME', 15, NULL, NULL),
(337, 'TORRES DEL PAINE', 37, NULL, NULL),
(338, 'TORTEL', 3, NULL, NULL),
(339, 'TRAIGUEN', 22, NULL, NULL),
(340, 'TREGUACO', 14, NULL, NULL),
(341, 'TUCAPEL', 16, NULL, NULL),
(342, 'VALDIVIA', 35, NULL, NULL),
(343, 'VALLENAR', 11, NULL, NULL),
(344, 'VALPARAISO', 53, NULL, NULL),
(345, 'VICHUQUEN', 43, NULL, NULL),
(346, 'VICTORIA', 22, NULL, NULL),
(347, 'VICUNA', 19, NULL, NULL),
(348, 'VILCUN', 23, NULL, NULL),
(349, 'VILLA ALEGRE', 42, NULL, NULL),
(350, 'VILLA ALEMANA', 58, NULL, NULL),
(351, 'VILLARRICA', 23, NULL, NULL),
(352, 'VINA DEL MAR', 53, NULL, NULL),
(353, 'VITACURA', 46, NULL, NULL),
(354, 'YERBAS BUENAS', 42, NULL, NULL),
(355, 'YUMBEL', 16, NULL, NULL),
(356, 'YUNGAY', 14, NULL, NULL),
(357, 'ZAPALLAR', 57, NULL, NULL);

-- --------------------------------------------------------

--
-- Table structure for table `sales_equipo`
--

CREATE TABLE `sales_equipo` (
  `id` bigint(20) NOT NULL,
  `codigo` bigint(150) NOT NULL,
  `marca` varchar(150) NOT NULL,
  `modelo` varchar(150) NOT NULL,
  `mod_comerc` varchar(150) NOT NULL
) ENGINE=InnoDB DEFAULT CHARSET=latin1;

--
-- Dumping data for table `sales_equipo`
--

INSERT INTO `sales_equipo` (`id`, `codigo`, `marca`, `modelo`, `mod_comerc`) VALUES
(1, 70004584, 'APPLE', 'IPHONE 6S SPACE GRAY 128GB', 'IPHONE 6S SPACE GRAY 128GB'),
(2, 70002567, 'APPLE', 'Iphone 7 32GB Black', 'Iphone 7 32GB Black'),
(3, 70002568, 'APPLE', 'Iphone 7 32GB Silver', 'Iphone 7 32GB Silver'),
(4, 70002570, 'APPLE', 'Iphone 7 32GB Gold', 'Iphone 7 32GB Gold'),
(5, 70002571, 'APPLE', 'Iphone 7 32GB Rose Gold', 'Iphone 7 32GB Rose Gold'),
(6, 70002572, 'APPLE', 'Iphone 7 Jet 128GB Black', 'Iphone 7 Jet 128GB Black'),
(7, 70002573, 'APPLE', 'Iphone 7 128GB Black', 'Iphone 7 128GB Black'),
(8, 70002574, 'APPLE', 'Iphone 7 128GB Silver', 'Iphone 7 128GB Silver'),
(9, 70002575, 'APPLE', 'Iphone 7 128GB Rose Gold', 'Iphone 7 128GB Rose Gold'),
(10, 70002576, 'APPLE', 'Iphone 7 Jet 256GB Black', 'Iphone 7 Jet 256GB Black'),
(11, 70002577, 'APPLE', 'Iphone 7 256GB Black', 'Iphone 7 256GB Black'),
(12, 70002578, 'APPLE', 'Iphone 7 Plus 32GB Black', 'Iphone 7 Plus 32GB Black'),
(13, 70002579, 'APPLE', 'Iphone 7 Plus 32GB Silver', 'Iphone 7 Plus 32GB Silver'),
(14, 70002580, 'APPLE', 'Iphone 7 Plus 32GB Rose Gold', 'Iphone 7 Plus 32GB Rose Gold'),
(15, 70002581, 'APPLE', 'Iphone 7 Plus Jet 128GB Black', 'Iphone 7 Plus Jet 128GB Black'),
(16, 70002582, 'APPLE', 'Iphone 7 Plus 128GB Black', 'Iphone 7 Plus 128GB Black'),
(17, 70002583, 'APPLE', 'Iphone 7 Plus Jet 256GB Black', 'Iphone 7 Plus Jet 256GB Black'),
(18, 70002584, 'APPLE', 'Iphone 7 Plus 256GB Black', 'Iphone 7 Plus 256GB Black'),
(19, 70002821, 'APPLE', 'IPHONE 6 32GB SPACE GREY', 'IPHONE 6 32GB SPACE GREY'),
(20, 70002828, 'APPLE', 'IPHONE 8 SPACE GRAY 64GB', 'IPHONE 8 SPACE GRAY 64GB'),
(21, 70002829, 'APPLE', 'IPHONE 8 SILVER 64GB', 'IPHONE 8 SILVER 64GB'),
(22, 70002830, 'APPLE', 'IPHONE 8 GOLD 64GB', 'IPHONE 8 GOLD 64GB'),
(23, 70002831, 'APPLE', 'IPHONE 8 SPACE GRAY 256GB', 'IPHONE 8 SPACE GRAY 256GB'),
(24, 70002832, 'APPLE', 'IPHONE 8 PLUS SPACE GRAY 64GB', 'IPHONE 8 PLUS SPACE GRAY 64GB'),
(25, 70002833, 'APPLE', 'IPHONE 8 PLUS SILVER 64GB', 'IPHONE 8 PLUS SILVER 64GB'),
(26, 70002834, 'APPLE', 'IPHONE 8 PLUS GOLD 64GB', 'IPHONE 8 PLUS GOLD 64GB'),
(27, 70002835, 'APPLE', 'IPHONE X SPACE GRAY 64GB', 'IPHONE X SPACE GRAY 64GB'),
(28, 70002836, 'APPLE', 'IPHONE X SILVER 64GB', 'IPHONE X SILVER 64GB'),
(29, 70002837, 'APPLE', 'IPHONE X SPACE GRAY 256GB', 'IPHONE X SPACE GRAY 256GB'),
(30, 70002838, 'APPLE', 'IPHONE 8 PLUS SPACE GRAY 256GB', 'IPHONE 8 PLUS SPACE GRAY 256GB'),
(31, 70002940, 'APPLE', 'IPHONE 8 RED 64GB', 'IPHONE 8 RED 64GB'),
(32, 70002941, 'APPLE', 'IPHONE 8 PLUS RED 64GB', 'IPHONE 8 PLUS RED 64GB'),
(33, 70002988, 'APPLE', 'EQ POSTPAGO IPHONE X SILVER 256GB', 'IPHONE X SILVER 256GB'),
(34, 4017749, 'APPLE', 'EQ POST PAGO APPLE IPHONE XS 64GB GOLD', 'EQ POST PAGO APPLE IPHONE XS 64GB GOLD'),
(35, 4017743, 'APPLE', 'EQ POST PAGO APPLE IPHONE XS 64GB SILVER', 'EQ POST PAGO APPLE IPHONE XS 64GB SILVER'),
(36, 4017748, 'APPLE', 'POST PAGO APPLE IPHONE XS64GB SPACE GRAY', 'POST PAGO APPLE IPHONE XS64GB SPACE GRAY'),
(37, 4017745, 'APPLE', 'POST PAGO APPLE IPHONE XS 256GB SILVER', 'POST PAGO APPLE IPHONE XS 256GB SILVER'),
(38, 4017750, 'APPLE', 'EQ POST PAGO APPLE  IPHONE XS 256GB GOLD', 'EQ POST PAGO APPLE  IPHONE XS 256GB GOLD'),
(39, 4017744, 'APPLE', 'POST PAGO  IPHONE XS 256GB SPACE GRAY', 'POST PAGO  IPHONE XS 256GB SPACE GRAY'),
(40, 4017752, 'APPLE', 'EQ POST PAGO APPLE IPHONE XS 512GB SILVER', 'EQ POST PAGO APPLE IPHONE XS 512GB SILVER'),
(41, 4017753, 'APPLE', 'EQ POST PAGO APPLE IPHONE XS 512GB GOLD', 'EQ POST PAGO APPLE IPHONE XS 512GB GOLD'),
(42, 4017751, 'APPLE', 'POST PAGO APPLE IPHONEXS512GB SPACE GRAY', 'POST PAGO APPLE IPHONEXS512GB SPACE GRAY'),
(43, 4017746, 'APPLE', 'EQ POST PAGO  IPHONE XS MAX 64GB SILVER', 'EQ POST PAGO  IPHONE XS MAX 64GB SILVER'),
(44, 4017755, 'APPLE', 'POST PAGO APPLE  IPHONE XS MAX 64GB GOLD', 'POST PAGO APPLE  IPHONE XS MAX 64GB GOLD'),
(45, 4017754, 'APPLE', 'POST PAGO APPLE IPHONEXSMAX64GBSPACEGRAY', 'POST PAGO APPLE IPHONEXSMAX64GBSPACEGRAY'),
(46, 4017747, 'APPLE', 'POST PAGO IPHONE XS MAX 256GB SPACE GRAY', 'POST PAGO IPHONE XS MAX 256GB SPACE GRAY'),
(47, 4017756, 'APPLE', 'POST PAGO APPLE IPHONE XSMAX256GB SILVER', 'POST PAGO APPLE IPHONE XSMAX256GB SILVER'),
(48, 4017757, 'APPLE', 'POST PAGO APPLE IPHONE XSMAX256GB GOLD', 'POST PAGO APPLE IPHONE XSMAX256GB GOLD'),
(49, 4017759, 'APPLE', 'POST PAGO APPLE IPHONE XSMAX512GB SILVER', 'POST PAGO APPLE IPHONE XSMAX512GB SILVER'),
(50, 4017760, 'APPLE', 'POST PAGO APPLE IPHONE XS MAX 512GB GOLD', 'POST PAGO APPLE IPHONE XS MAX 512GB GOLD'),
(51, 4017758, 'APPLE', 'POSTPAGO APPLE IPHONEXSMAX512GBSPACEGRAY', 'POSTPAGO APPLE IPHONEXSMAX512GBSPACEGRAY'),
(52, 70003050, 'APPLE', 'EQ POST PAGO APPLE  IPHONE XR 64GB WHITE', 'IPHONE XR 64 GB WHITE'),
(53, 4017765, 'APPLE', 'POST PAGO APPLEIPHONE XR 256GB PROD RED', 'IPHONE XR 256GB RED'),
(54, 4017766, 'APPLE', 'EQ POST PAGO APPLE  IPHONE XR 256GB CORA', 'IPHONE XR 256GB CORAL'),
(55, 4017767, 'APPLE', 'EQ POST PAGO APPLE  IPHONE XR 256GB YELL', 'IPHONE XR 256GB YELLOW'),
(56, 4017768, 'APPLE', 'EQ POST PAGO APPLE  IPHONE XR 256GB BLUE', 'IPHONE XR 256GB BLUE'),
(57, 70003051, 'APPLE', 'EQ POST PAGO APPLE  IPHONE XR 256GB BLAC', 'IPHONE XR 256GB BLACK'),
(58, 4017770, 'APPLE', 'EQ POST PAGO APPLE  IPHONE XR 256GB WHIT', 'IPHONE XR 256GB WHITE'),
(59, 4017771, 'APPLE', 'POST PAGO APPLE IPHONE XR128GB PROD RED', 'IPHONE XR 128GB RED'),
(60, 70003052, 'APPLE', 'EQ POST PAGO APPLE  IPHONE XR 128GB CORA', 'IPHONE XR 128GB CORAL'),
(61, 4017773, 'APPLE', 'POST PAGO APPLE  IPHONE XR 128GB YELLOW', 'IPHONE XR 128GB YELLOW'),
(62, 70003053, 'APPLE', 'EQ POST PAGO APPLE  IPHONE XR 128GB BLUE', 'IPHONE XR 128GB BLUE'),
(63, 70003054, 'APPLE', 'EQ POST PAGO APPLE  IPHONE XR 128GB BLAC', 'IPHONE XR 128GB BLACK'),
(64, 70003055, 'APPLE', 'EQ POST PAGO APPLE  IPHONE XR 128GB WHIT', 'IPHONE XR 128GB WHITE'),
(65, 4017777, 'APPLE', 'POST PAGO APPLE IPHONE XR 64GB PROD RED', 'IPHONE XR 64GB RED'),
(66, 70003056, 'APPLE', 'EQ POST PAGO APPLE  IPHONE XR 64GB CORAL', 'IPHONE XR 64GB CORAL'),
(67, 4017779, 'APPLE', 'POST PAGO APPLE  IPHONE XR 64GB YELLOW', 'IPHONE XR 64GB YELLOW'),
(68, 70003057, 'APPLE', 'EQ POST PAGO IPHONE XR 64GB BLUE', 'IPHONE XR 64GB BLUE'),
(69, 70003058, 'APPLE', 'EQ POST PAGO APPLE  IPHONE XR 64GB BLACK', 'IPHONE XR 64GB BLACK'),
(70, 4016878, 'HUAWEI', 'ANE-LX3 BLACK', 'P20 Lite'),
(71, 4016879, 'HUAWEI', 'ANE-LX3 PINK', 'P20 Lite'),
(72, 4016812, 'HUAWEI', 'ATU L03 BLACK', 'Y6 2018'),
(73, 4016811, 'HUAWEI', 'ATU L03 GOLD', 'Y6 2018'),
(74, 4016311, 'HUAWEI', 'BLA-L09 GRIS', 'Mate 10 PRO'),
(75, 70002852, 'HUAWEI', 'BLA-L09 GRIS+RELOJ', 'Mate 10 PRO+RELOJ'),
(76, 4016313, 'HUAWEI', 'BLA-L09 MOKA', 'Mate 10 PRO'),
(77, 4016915, 'HUAWEI', 'CAG-L03 GRAY', 'Y5 2018'),
(78, 4016880, 'HUAWEI', 'CLT-L09 BLACK', 'P20 PRO'),
(79, 4016950, 'HUAWEI', 'CLT-L09 BLACK', 'P20 PRO'),
(80, 4017129, 'HUAWEI', 'CLT-L09 TWILIGHT', 'P20 PRO'),
(81, 4016877, 'HUAWEI', 'EML-L09 BLACK', 'P20'),
(82, 4016951, 'HUAWEI', 'EML-L09 BLACK', 'P20'),
(83, 4016816, 'HUAWEI', 'FIG L03 BLACK', 'P Smart'),
(84, 4016815, 'HUAWEI', 'FIG L03 GOLD', 'P Smart'),
(85, 4016814, 'HUAWEI', 'LDN L03 BLACK', 'Y7 2018'),
(86, 4016813, 'HUAWEI', 'LDN L03 GOLD', 'Y7 2018'),
(87, 4016317, 'HUAWEI', 'RNE-L03 DORADO', 'Mate 10 Lite'),
(88, 4016315, 'HUAWEI', 'RNE-L03 NEGRO', 'Mate 10 Lite'),
(89, 4016650, 'HUAWEI', 'Y 6II', 'Mate 10 Lite'),
(90, 4017492, 'HUAWEI', 'EQ POST PAGO HUAWEI DRA-L03 BLACK', 'Y5 2018'),
(91, 4017493, 'HUAWEI', 'EQ POST PAGO HUAWEI DRA-L03 GOLD', 'Y5 2018'),
(92, 4013367, 'HUAWEI', 'HUAWEI VNS L23 WHITE P9 LITE', 'P9 LITE'),
(93, 4013369, 'HUAWEI', 'HUAWEI VNS L23 BLACK P9 LITE', 'P9 LITE'),
(94, 4014646, 'HUAWEI', 'EQ POSTPAGO HUAWEI PRA LX3 NEGRO', 'P9 LITE 2017'),
(95, 4014648, 'HUAWEI', 'EQ POSTPAGO HUAWEI PRA LX3 BLANCO', 'P9 LITE 2017'),
(96, 4014759, 'HUAWEI', 'EQ POSTPAGO HUAWEI PRA LX3 DORADO', 'P9 LITE 2017'),
(97, 70003059, 'HUAWEI', 'EQ POST PAGO HUAWEI SNE-LX3 GOLD', 'MATE 20 LITE GOLD'),
(98, 70003076, 'HUAWEI', 'EQ POST PAGO HUAWEI SNE-LX3 BLACK', 'MATE 20 LITE BLACK'),
(99, 70003061, 'HUAWEI', 'EQ POST PAGO HUAWEI LYA-L09 BLACK', 'MATE 20 PRO BLACK'),
(100, 4017784, 'HUAWEI', 'EQ POST PAGO HUAWEI LYA-L09 BLACK', 'Mate 20 Pro Black'),
(101, 4016023, 'LG', 'Q6 M700F', 'Q6 M700F'),
(102, 4014914, 'LG', 'K4 2017', 'K4 2017'),
(103, 4014910, 'LG', 'K10 2017', 'K10 2017'),
(104, 4014904, 'LG', 'M400F GOLD', 'Stylus 3'),
(105, 4014906, 'LG', 'M400F TITAN', 'Stylus 3'),
(106, 4017436, 'LG', 'EQ POST PAGO LG G710 ASTRO BLACK', 'LG G7'),
(107, 4015391, 'MOTOROLA', 'G5', 'G5'),
(108, 4015393, 'MOTOROLA', 'G5 PLUS', 'G5 PLUS'),
(109, 4011277, 'MOTOROLA', 'MOTO E SEGUNDA GENERACION', 'MOTO E SEGUNDA GENERACION'),
(110, 4016896, 'MOTOROLA', 'XT 1790 GOLD', 'G5S'),
(111, 4016897, 'MOTOROLA', 'XT 1790 GRAY', 'G5S'),
(112, 4016936, 'MOTOROLA', 'XT 1922 DEEP INDIGO', 'G6 Play'),
(113, 4016937, 'MOTOROLA', 'XT 1926 DEEP INDIGO', 'G6 Plus'),
(114, 4016938, 'MOTOROLA', 'XT 1944 FLASH GREY', 'E5 XT 1944 FLASH GREY'),
(115, 70003062, 'MOTOROLA', 'EQ POST PAGO MOTOROLA XT 1920 GOLD', 'E5 PLAY GOLD'),
(116, 70003063, 'MOTOROLA', 'EQ POST PAGO MOTOROLA XT 1920 BLACK', 'E5 PLAY BLACK'),
(117, 70003069, 'NOKIA', 'EQ POST PAGO NOKIA 5.1 PLUS BLACK', 'NOKIA 5.1 PLUS BLACK'),
(118, 70003070, 'NOKIA', 'EQ POST PAGO NOKIA N2.1 BLUE COOPER', 'NOKIA N2.1 BLUE COOPER'),
(119, 4013816, 'SAMSUNG', 'J5 510 2016', 'J5 510 2016'),
(120, 4013818, 'SAMSUNG', 'J7 710 2016', 'J7 710 2016'),
(121, 4017252, 'SAMSUNG', 'J4', 'J4'),
(122, 4013960, 'SAMSUNG', 'G532M Black', 'J2 Prime'),
(123, 4014068, 'SAMSUNG', 'G532M SILVER', 'J2 Prime'),
(124, 4013955, 'SAMSUNG', 'G570M BLACK', 'J5 Prime'),
(125, 4013953, 'SAMSUNG', 'G570M WHITE', 'J5 Prime'),
(126, 4013951, 'SAMSUNG', 'G610M BLACK', 'J7 Prime'),
(127, 4013949, 'SAMSUNG', 'G610M WHITE GOLD', 'J7 Prime'),
(128, 4017256, 'SAMSUNG', 'G611M DORADO', 'J7 Prime 2'),
(129, 4017257, 'SAMSUNG', 'G611M NEGRO', 'J7 Prime 2'),
(130, 4014947, 'SAMSUNG', 'G950F  BLACK', 'S8'),
(131, 4014971, 'SAMSUNG', 'G950F  BLACK+VR', 'S8+VR'),
(132, 4014949, 'SAMSUNG', 'G950F  GOLD', 'S8'),
(133, 4014973, 'SAMSUNG', 'G950F  GOLD', 'S8+VR'),
(134, 4014951, 'SAMSUNG', 'G950F  ORCHID GREY', 'S8'),
(135, 4014975, 'SAMSUNG', 'G950F  ORCHID GREY', 'S8+VR'),
(136, 4014953, 'SAMSUNG', 'G955F  BLACK', 'S8 Plus'),
(137, 4014977, 'SAMSUNG', 'G955F  BLACK', 'S8 Plus+VR'),
(138, 4014955, 'SAMSUNG', 'G955F  GOLD', 'S8 Plus'),
(139, 4014979, 'SAMSUNG', 'G955F  GOLD', 'S8 Plus+VR'),
(140, 4014957, 'SAMSUNG', 'G955F  ORCHID GREY', 'S8 Plus'),
(141, 4014981, 'SAMSUNG', 'G955F  ORCHID GREY', 'S8 Plus+VR'),
(142, 4016675, 'SAMSUNG', 'G9600 BLACK', 'S9'),
(143, 4016770, 'SAMSUNG', 'G9600 BLACK+Cargador', 'S9+Cargador'),
(144, 4016674, 'SAMSUNG', 'G9600 GREY', 'S9'),
(145, 4016769, 'SAMSUNG', 'G9600 GREY', 'S9+Cargador'),
(146, 4016677, 'SAMSUNG', 'G9650 BLACK', 'S9'),
(147, 4016676, 'SAMSUNG', 'G9650 GREY', 'S9'),
(148, 4016771, 'SAMSUNG', 'G9650 GREY', 'S9+Cargador'),
(149, 4013265, 'SAMSUNG', 'J111M BLACK', 'J1 LTE'),
(150, 4013267, 'SAMSUNG', 'J111M WHITE', 'J1 LTE'),
(151, 4013647, 'SAMSUNG', 'J320M Black', 'J3'),
(152, 4013649, 'SAMSUNG', 'J320M White', 'J3'),
(153, 4017252, 'SAMSUNG', 'J400M DORADO', 'J4'),
(154, 4017253, 'SAMSUNG', 'J400M NEGRO', 'J4'),
(155, 4016011, 'SAMSUNG', 'J530G Black', 'J5 PRO'),
(156, 4016009, 'SAMSUNG', 'J530G Gold', 'J5 PRO'),
(157, 4017255, 'SAMSUNG', 'J600G GRIS ORQUIDEA', 'J6'),
(158, 4017254, 'SAMSUNG', 'J600G NEGRO', 'J6'),
(159, 4016015, 'SAMSUNG', 'J730G Black', 'J7 PRO'),
(160, 4016013, 'SAMSUNG', 'J730G Gold', 'J7 PRO'),
(161, 4016030, 'SAMSUNG', 'N950F Black', 'Note 8'),
(162, 4016028, 'SAMSUNG', 'N950F Gold', 'Note 8'),
(163, 4017485, 'SAMSUNG', 'EQ POST PAGO SAMSUNG N9600 BLACK', 'NOTE 9'),
(164, 4017430, 'SAMSUNG', 'EQ POST PAGO SAMSUNG J810M NEGRO', 'J8'),
(165, 4017429, 'SAMSUNG', 'EQ POST PAGO SAMSUNG J810M DORADO', 'J8'),
(166, 4016909, 'SAMSUNG', 'EQ POSTPAGO SAMSUNG A530F NEGRO', 'Galaxy A8'),
(167, 4017791, 'SAMSUNG', 'EQ POST PAGO SAMSUNG J260M LAVENDER', 'J260M LAVENDER'),
(168, 4017792, 'SAMSUNG', 'EQ POST PAGO SAMSUNG J260M GOLD', 'J260M GOLD'),
(169, 4017793, 'SAMSUNG', 'EQ POST PAGO SAMSUNG J260M BLACK', 'J260M BLACK'),
(170, 4017829, 'SAMSUNG', 'EQ POST PAGO SAMSUNG J610G BLACK', 'J610G BLACK'),
(171, 4017830, 'SAMSUNG', 'EQ POST PAGO SAMSUNG J610G GRAY', 'J610G GRAY'),
(172, 4017831, 'SAMSUNG', 'EQ POST PAGO SAMSUNG J610G RED', 'J610G RED'),
(173, 4014125, 'SONY', 'XPERIA XZ', 'XPERIA XZ'),
(174, 4015697, 'SONY', 'G3123 XA1', 'G3123 XA1'),
(175, 4015707, 'SONY', 'XPERIA XZ PREMIUM', 'XPERIA XZ PREMIUM'),
(176, 4015669, 'SONY', 'XPERIA XA 1', 'XPERIA XA 1'),
(177, 4015703, 'SONY', 'XPERIA XA 1 ULTRA', 'XPERIA XA 1 ULTRA'),
(178, 4016913, 'SONY', 'XPERIA XA2 ULTRA', 'XPERIA XA2 ULTRA'),
(179, 4016912, 'SONY', 'XPERIA L2', 'XPERIA L2'),
(180, 4016910, 'SONY', 'H8216 BLACK', 'XZ2'),
(181, 4016912, 'SONY', 'H3321 BLACK', 'L2'),
(182, 4016913, 'SONY', 'H3223 BLACK', 'XA2 Ultra'),
(183, 4016965, 'SONY', 'H3123 BLACK', 'XA2'),
(184, 4016966, 'SONY', 'H3123 SILVER', 'XA2'),
(185, 4014853, 'ZTE', 'BLADE A320 BLANCO', 'A320'),
(186, 4014855, 'ZTE', 'BLADE A320 NEGRO', 'A320'),
(187, 4013399, 'ALCATEL', '5056 POP 4 plus', 'A320'),
(188, 4013839, 'HTC', 'DESIRE 10 A56', 'DESIRE 10 A56'),
(189, 4014312, 'HTC', 'A9S', 'A9S'),
(190, 4015067, 'HTC', 'DESIRE 650', 'DESIRE 650'),
(191, 70004584, 'APPLE', 'IPHONE 6S 32 GB', 'IPHONE 6S 32 GB'),
(192, 70004699, 'HUAWEI', 'P30 LITE AURORA', 'P30 LITE AURORA'),
(193, 70004696, 'HUAWEI', 'P30 LITE BLACK', 'P30 LITE BLACK'),
(194, 70004573, 'HUAWEI', 'Y7 2019 BLACK', 'Y7 2019 BLACK'),
(195, 70004574, 'HUAWEI', 'Y7 2019 AURORA', 'Y7 2019 AURORA'),
(197, 0, 'EQUIPO_MARCA', 'EQUIPO_MODELO', 'EQUIPO_MODELO'),
(198, 70003039, 'APPLE', 'IPHONE XS 64GB SILVER', 'IPHONE XS 64GB SILVER'),
(199, 70003040, 'APPLE', 'IPHONE XS 256GB SPACE GRAY', 'IPHONE XS 256GB SPACE GRAY'),
(200, 70003041, 'APPLE', 'IPHONE XS 256GB SILVER', 'IPHONE XS 256GB SILVER'),
(201, 70003042, 'APPLE', 'IPHONE XS MAX 64GB SILVER', 'IPHONE XS MAX 64GB SILVER'),
(202, 70003043, 'APPLE', 'IPHONE XS MAX 256GB SPACE GRAY', 'IPHONE XS MAX 256GB SPACE GRAY'),
(203, 70003044, 'APPLE', 'IPHONE XS64GB SPACE GRAY', 'IPHONE XS64GB SPACE GRAY'),
(204, 70003045, 'APPLE', 'IPHONE XS 64GB GOLD', 'IPHONE XS 64GB GOLD'),
(205, 70003046, 'APPLE', 'IPHONEXS512GB SPACE GRAY', 'IPHONEXS512GB SPACE GRAY'),
(206, 70003047, 'APPLE', 'IPHONEXSMAX64GBSPACEGRAY', 'IPHONEXSMAX64GBSPACEGRAY'),
(207, 70003048, 'APPLE', 'IPHONE XS MAX 64GB GOLD', 'IPHONE XS MAX 64GB GOLD'),
(208, 70003049, 'APPLE', 'IPHONEXSMAX512GBSPACEGRAY', 'IPHONEXSMAX512GBSPACEGRAY'),
(209, 70002443, 'HUAWEI', 'P9 LITE WHITE', 'P9 LITE WHITE'),
(210, 70002444, 'HUAWEI', 'P9 LITE BLACK', 'P9 LITE BLACK'),
(211, 70002683, 'HUAWEI', 'P9 LITE 2017 NEGRO', 'P9 LITE 2017 NEGRO'),
(212, 70002691, 'HUAWEI', 'P9 LITE 2017 DORADO', 'P9 LITE 2017 DORADO'),
(213, 70002848, 'HUAWEI', 'MATE 10 PRO GREY', 'MATE 10 PRO GREY'),
(214, 70002849, 'HUAWEI', 'MATE 10 PRO MOKA', 'MATE 10 PRO MOKA'),
(215, 70002850, 'HUAWEI', 'MATE 10 LITE BLACK', 'MATE 10 LITE BLACK'),
(216, 70002851, 'HUAWEI', 'MATE 10 LITE GOLD', 'MATE 10 LITE GOLD'),
(217, 70002895, 'HUAWEI', 'Y6 2018 GOLD', 'Y6 2018 GOLD'),
(218, 70002896, 'HUAWEI', 'Y6 2018 BLACK', 'Y6 2018 BLACK'),
(219, 70002897, 'HUAWEI', 'Y7 2018 GOLD', 'Y7 2018 GOLD'),
(220, 70002898, 'HUAWEI', 'Y7 2018 BLACK', 'Y7 2018 BLACK'),
(221, 70002899, 'HUAWEI', 'P SMART GOLD', 'P SMART GOLD'),
(222, 70002900, 'HUAWEI', 'P SMART BLACK', 'P SMART BLACK'),
(223, 70002907, 'HUAWEI', 'P20 BLACK', 'P20 BLACK'),
(224, 70002908, 'HUAWEI', 'P20 LITE BLACK', 'P20 LITE BLACK'),
(225, 70002909, 'HUAWEI', 'P20 LITE PINK', 'P20 LITE PINK'),
(226, 70002910, 'HUAWEI', 'P20 PRO BLACK', 'P20 PRO BLACK'),
(227, 70002924, 'HUAWEI', 'Y5 LITE 2018 GREY', 'Y5 LITE 2018 GREY'),
(228, 70002963, 'HUAWEI', 'P20 PRO TWILIGHT', 'P20 PRO TWILIGHT'),
(229, 70003005, 'HUAWEI', 'Y5 2018 BLACK', 'Y5 2018 BLACK'),
(230, 70003006, 'HUAWEI', 'Y5 2018 GOLD', 'Y5 2018 GOLD'),
(231, 70004569, 'HUAWEI', 'P SMART 2019 NEGRO', 'P SMART 2019 NEGRO'),
(232, 70004570, 'HUAWEI', 'P SMART 2019 AZUL', 'P SMART 2019 AZUL'),
(233, 70004571, 'HUAWEI', 'Y6 2019 BLACK', 'Y6 2019 BLACK'),
(234, 70004572, 'HUAWEI', 'Y6 2019 BLUE', 'Y6 2019 BLUE'),
(235, 70002713, 'LG', 'STYLUS 3 GOLD', 'STYLUS 3 GOLD'),
(236, 70002714, 'LG', 'STYLUS 3 TITAN', 'STYLUS 3 TITAN'),
(237, 70002991, 'LG', 'K11 PLUS', 'K11 PLUS'),
(238, 70002992, 'LG', 'Q STYLUS PLUS', 'Q STYLUS PLUS'),
(239, 70002993, 'LG', 'LG G7 BLACK', 'LG G7 BLACK'),
(240, 70002915, 'MOTOROLA', 'G5S GOLD', 'G5S GOLD'),
(241, 70002916, 'MOTOROLA', 'G5S GRAY', 'G5S GRAY'),
(242, 70002934, 'MOTOROLA', 'G6 PLAY DEEP INDIGO', 'G6 PLAY DEEP INDIGO'),
(243, 70002935, 'MOTOROLA', 'G6 PLUS DEEP INDIGO', 'G6 PLUS DEEP INDIGO'),
(244, 70002936, 'MOTOROLA', 'E5 FLASH GREY', 'E5 FLASH GREY'),
(245, 70004645, 'MOTOROLA', 'Z3 PLAY BLACK', 'Z3 PLAY BLACK'),
(246, 70004646, 'MOTOROLA', 'Z3 PLAY GAMEPAD', 'Z3 PLAY GAMEPAD'),
(247, 70004663, 'MOTOROLA', 'G7 PLUS DEEP INDIGO', 'G7 PLUS DEEP INDIGO'),
(248, 70002429, 'SAMSUNG', 'J1 LTE BLACK', 'J1 LTE BLACK'),
(249, 70002431, 'SAMSUNG', 'J1 LTE WHITE', 'J1 LTE WHITE'),
(250, 70002587, 'SAMSUNG', 'J7 PRIME WHITE GOLD', 'J7 PRIME WHITE GOLD'),
(251, 70002588, 'SAMSUNG', 'J7 PRIME BLACK', 'J7 PRIME BLACK'),
(252, 70002589, 'SAMSUNG', 'J5 PRIME BLACK', 'J5 PRIME BLACK'),
(253, 70002591, 'SAMSUNG', 'J2 PRIME BLACK', 'J2 PRIME BLACK'),
(254, 70002627, 'SAMSUNG', 'J2 PRIME SILVER', 'J2 PRIME SILVER'),
(255, 70002727, 'SAMSUNG', 'S8 BLACK', 'S8 BLACK'),
(256, 70002728, 'SAMSUNG', 'S8 GOLD', 'S8 GOLD'),
(257, 70002729, 'SAMSUNG', 'S8 ORCHID GREY', 'S8 ORCHID GREY'),
(258, 70002730, 'SAMSUNG', 'S8 PLUS BLACK', 'S8 PLUS BLACK'),
(259, 70002731, 'SAMSUNG', 'S8 PLUS GOLD', 'S8 PLUS GOLD'),
(260, 70002732, 'SAMSUNG', 'S8 PLUS ORCHID GREY', 'S8 PLUS ORCHID GREY'),
(261, 70002804, 'SAMSUNG', 'J5 PRO BLACK', 'J5 PRO BLACK'),
(262, 70002805, 'SAMSUNG', 'J7 PRO GOLD', 'J7 PRO GOLD'),
(263, 70002810, 'SAMSUNG', 'NOTE 8 BLACK', 'NOTE 8 BLACK'),
(264, 70002886, 'SAMSUNG', 'S9 GREY', 'S9 GREY'),
(265, 70002887, 'SAMSUNG', 'S9 BLACK', 'S9 BLACK'),
(266, 70002919, 'SAMSUNG', 'GALAXY A8 NEGRO', 'GALAXY A8 NEGRO'),
(267, 70002972, 'SAMSUNG', 'J4 DORADO', 'J4 DORADO'),
(268, 70002973, 'SAMSUNG', 'J4 NEGRO', 'J4 NEGRO'),
(269, 70002974, 'SAMSUNG', 'J6 NEGRO', 'J6 NEGRO'),
(270, 70002975, 'SAMSUNG', 'J6 GRIS ORQUIDEA', 'J6 GRIS ORQUIDEA'),
(271, 70002976, 'SAMSUNG', 'J7 PRIME 2 GOLD', 'J7 PRIME 2 GOLD'),
(272, 70002977, 'SAMSUNG', 'J7 PRIME 2 BLACK', 'J7 PRIME 2 BLACK'),
(273, 70002989, 'SAMSUNG', 'J8 DORADO', 'J8 DORADO'),
(274, 70002990, 'SAMSUNG', 'J8 NEGRO', 'J8 NEGRO'),
(275, 70003004, 'SAMSUNG', 'NOTE 9 BLACK', 'NOTE 9 BLACK'),
(276, 70003064, 'SAMSUNG', 'J2 CORE BLACK', 'J2 CORE BLACK'),
(277, 70003071, 'SAMSUNG', 'J6 PLUS BLACK', 'J6 PLUS BLACK'),
(278, 70003755, 'SAMSUNG', 'J7 PRO BLACK', 'J7 PRO BLACK'),
(279, 70004575, 'SAMSUNG', 'J4 PLUS BLACK', 'J4 PLUS BLACK'),
(280, 70004576, 'SAMSUNG', 'J4 PLUS GOLD', 'J4 PLUS GOLD'),
(281, 70004577, 'SAMSUNG', 'J4 CORE BLACK', 'J4 CORE BLACK'),
(282, 70004578, 'SAMSUNG', 'J4 CORE GOLD', 'J4 CORE GOLD'),
(283, 70004579, 'SAMSUNG', 'J4 CORE BLUE', 'J4 CORE BLUE'),
(284, 70004605, 'SAMSUNG', 'A7 2019', 'A7 2019'),
(285, 70004608, 'SAMSUNG', 'A9 BLACK', 'A9 BLACK'),
(286, 70004665, 'SAMSUNG', 'S10E 128GB BLACK', 'S10E 128GB BLACK'),
(287, 70004666, 'SAMSUNG', 'S10E 128GB WHITE', 'S10E 128GB WHITE'),
(288, 70004667, 'SAMSUNG', 'S10 128GB BLACK', 'S10 128GB BLACK'),
(289, 70004668, 'SAMSUNG', 'S10 128GB WHITE', 'S10 128GB WHITE'),
(290, 70004669, 'SAMSUNG', 'S10+ 128GB BLACK', 'S10+ 128GB BLACK'),
(291, 70004670, 'SAMSUNG', 'S10+ 128GB WHITE', 'S10+ 128GB WHITE'),
(292, 70004671, 'SAMSUNG', 'S10+ 512GB BLACK', 'S10+ 512GB BLACK'),
(293, 70004672, 'SAMSUNG', 'S10+ 512GB WHITE', 'S10+ 512GB WHITE'),
(294, 70002920, 'SONY', 'XZ2 BLACK', 'XZ2 BLACK'),
(295, 70002921, 'SONY', 'L2 BLACK', 'L2 BLACK'),
(296, 70002922, 'SONY', 'XA2 ULTRA BLACK', 'XA2 ULTRA BLACK'),
(297, 70002942, 'SONY', 'XA2 BLACK', 'XA2 BLACK'),
(298, 70002697, 'ZTE', 'A320 BLANCO', 'A320 BLANCO'),
(299, 70002698, 'ZTE', 'A320 NEGRO', 'A320 NEGRO'),
(300, 70004655, 'ZTE', 'V9 DORADO', 'V9 DORADO'),
(301, 2000000, 'BAM', 'BAM', 'BAM'),
(302, 1000000, 'Equipo Propio', 'Equipo_Propio', 'Equipo_Propio'),
(303, 70004846, 'SAMSUNG', 'EQ POST SAMSUNG A205 BLACK', 'SAMSUNG A20'),
(304, 70004847, 'SAMSUNG', 'EQ POST SAMSUNG A105 BACK', 'SAMSUNG A10'),
(305, 70004842, 'SAMSUNG', 'EQ POST SAMSUNG A505 BLACK', 'SAMSUNG A50 BLACK'),
(306, 70004843, 'SAMSUNG', 'EQ POST SAMSUNG A505 WHITE', 'SAMSUNG A50 WHITE'),
(307, 70004859, 'SAMSUNG', 'EQ POST SAMSUNG A305 64GB BLACK', 'SAMSUNG A30 BLACK 64 GB'),
(308, 70004860, 'SAMSUNG', 'EQ POST SAMSUNG A305 64GB WHITE', 'SAMSUNG A30 WHITE 64 GB'),
(309, 70004840, 'SAMSUNG', 'EQ POST SAMSUNG A705 BLACK', 'SAMSUNG A705 BLACK'),
(310, 70004841, 'SAMSUNG', 'EQ POST SAMSUNG A705 WHITE', 'SAMSUNG A705 WHITE'),
(311, 70004984, 'SAMSUNG', 'EQ POST SAMSUNG A805 BLACK', 'SAMSUNG A805 BLACK'),
(312, 70005012, 'LG', 'KIT PRE LG K40 MORROCAN BLUE', 'LG K40'),
(313, 70007669, 'SAMSUNG', 'SMG GALNOTE10256G NG + BUDS POST', 'NOTE 10 256 GB BLACK + BUDS'),
(314, 70007668, 'SAMSUNG', 'SMG GALNOTE10PLUS NG +WATCH POST', 'NOTE 10 PLUS 256 GB BLACK + WATCH'),
(315, 70007678, 'SAMSUNG', 'SMG GALNOTE10PLUS AG +WATCH POST', 'NOTE 10 PLUS 256 GB AURA GLOW + WATCH'),
(316, 70005061, 'SAMSUNG', 'SMG GALNOTE10256G NG N970 POST', 'NOTE 10 256 GB BLACK'),
(317, 70005073, 'SAMSUNG', 'SMG GALNOTE10PLUS NG N975 256 POST', 'NOTE 10 PLUS 256 GB BLACK'),
(318, 70005079, 'SAMSUNG', 'SMG GALNOTE10PLUS AG N975 256 POST', 'NOTE 10 PLUS 256 GB AURA GLOW'),
(319, 70004625, 'BAM', 'REACHFAR GPS 3G TRACKER MASCOTAS DORADO', 'REACHFAR GPS 3G TRACKER MASCOTAS DORADO'),
(320, 70004689, 'BAM', 'REACHFAR GPS 3G TRACKER MASCOTA GRIS', 'REACHFAR GPS 3G TRACKER MASCOTA GRIS'),
(321, 70007718, 'SAMSUNG', 'KIT PRE SAMSUNG A505 128GB BLACK', 'PRE SAMSUNG A505 128GB BLACK'),
(322, 70007719, 'SAMSUNG', 'EQ POST SAMSUNG A505 128GB BLACK', 'SAMSUNG A505 128GB BLACK'),
(323, 70007700, 'HUAWEI', 'HUA Y9 PRIME 2019 AZ STK-L03 PRE', 'HUA Y9 PRIME 2019 AZ STK-L03 PRE'),
(324, 70007701, 'HUAWEI', 'HUA Y9 PRIME 2019 AZ STK-L03 POST', 'HUA Y9 PRIME 2019 AZ STK-L03 POST'),
(325, 70005076, 'MOTOROLA', 'MOT MOTOE6PLUS GS XT2025 POST', 'MOTOROLA E6 PLUS');

-- --------------------------------------------------------

--
-- Table structure for table `sales_mobile_brand`
--

CREATE TABLE `sales_mobile_brand` (
  `id` bigint(20) NOT NULL,
  `description` text
) ENGINE=InnoDB DEFAULT CHARSET=utf8 ROW_FORMAT=COMPACT;

--
-- Dumping data for table `sales_mobile_brand`
--

INSERT INTO `sales_mobile_brand` (`id`, `description`) VALUES
(1, 'ALCATEL'),
(2, 'APPLE'),
(3, 'HTC'),
(4, 'HUAWEI'),
(5, 'LG'),
(6, 'MOTOROLA'),
(7, 'NOKIA'),
(8, 'SAMSUNG'),
(9, 'SONY'),
(10, 'ZTE');

-- --------------------------------------------------------

--
-- Table structure for table `sales_plan`
--

CREATE TABLE `sales_plan` (
  `id` bigint(20) NOT NULL,
  `description` text,
  `description_claro` text,
  `description_one` text,
  `code` text,
  `value_plan` bigint(20) DEFAULT '0',
  `status` tinyint(4) DEFAULT '1',
  `modified_by` bigint(20) DEFAULT NULL,
  `modified_date` datetime DEFAULT CURRENT_TIMESTAMP,
  `modified_ip` varchar(90) DEFAULT NULL
) ENGINE=InnoDB DEFAULT CHARSET=utf8 ROW_FORMAT=COMPACT;

--
-- Dumping data for table `sales_plan`
--

INSERT INTO `sales_plan` (`id`, `description`, `description_claro`, `description_one`, `code`, `value_plan`, `status`, `modified_by`, `modified_date`, `modified_ip`) VALUES
(1, 'RP 09 2018-EP-PLAN Y', 'PLAN Y', 'MAX Y', '21953267', 500, 1, 12, '2019-09-13 17:43:48', '::1'),
(2, 'RP 09 2018-ARR-PLAN Y', 'PLAN Y', 'MAX Y', '21953337', 500, 1, 12, '2019-09-13 17:40:25', '::1'),
(3, 'RP 09 2018-EP-PLAN M', 'PLAN M', 'MAX M', '21953347', 0, 1, 12, '2019-09-13 17:41:27', '::1'),
(4, 'RP 09 2018-ARR-PLAN M', 'PLAN M', 'MAX M', '21953377', 0, 1, 12, '2019-09-13 17:38:14', '::1'),
(5, 'RP 09 2018-EP-PLAN L', 'PLAN L', 'MAX L', '21953417', 0, 1, 12, '2019-09-13 17:41:00', '::1'),
(6, 'RP 09 2018-ARR-PLAN L', 'PLAN L', 'MAX L', '21953447', 0, 1, 12, '2019-09-13 17:37:19', '::1'),
(7, 'RP 09 2018-ARR-PLAN XL', 'PLAN XL', 'MAX XL', '21953477', 0, 1, 12, '2019-09-13 17:40:06', '::1'),
(8, 'RP 09 2018-EP-PLAN PREMIUM LIBRE', 'PLAN PREMIUM', 'MAX PREMIUM', '21953487', 0, 1, 12, '2019-09-13 17:42:31', '::1'),
(9, 'RP 09 2018-ARR-PLAN PREMIUM LIBRE', 'PLAN PREMIUM', 'MAX PREMIUM', '21953507', 0, 1, 12, '2019-09-13 19:01:44', '::1'),
(10, 'RP 09 2018-EP-PLAN PREMIUM BLACK LIBRE', 'PLAN PREMIUM BLACK', 'MAX PREMIUM BLACK', '21953517', 0, 1, 12, '2019-09-13 17:41:42', '::1'),
(11, 'RP 09 2018-ARR-PLAN PREMIUM BLACK LIBRE', 'PLAN PREMIUM BLACK', 'MAX PREMIUM BLACK', '21953537', 0, 1, 12, '2019-09-13 17:38:49', '::1'),
(12, 'RP 09 2018-EP-PLAN S CE', 'PLAN S', 'PLAN S', '21953977', 0, 1, 12, '2019-09-13 17:42:55', '::1'),
(13, 'RP 09 2018-ARR-PLAN S CE', 'PLAN S', 'PLAN S', '21953997', 0, 1, 12, '2019-09-13 17:39:41', '::1'),
(14, 'RP 09 2018 VOZ 400 CE EP', NULL, NULL, '21999277', 0, 1, NULL, '2019-03-13 14:48:30', NULL),
(15, '06 2018 PLAN SUMAME NORMAL ADICIONAL EP', 'PLAN SUMAME', 'MAX SUMAME', '21502537', 11500, 1, NULL, '2019-03-13 14:48:30', NULL),
(16, 'RP BAM 6 GB LIMITADO CE', 'BAM', 'BAM 6 GB', '19796607', 50990, 1, 12, '2019-09-13 19:34:04', '::1'),
(17, 'RP BAM 10 GB LIMITADO CE', 'BAM', 'BAM 10 GB', '19796657', 0, 1, 12, '2019-09-13 19:09:49', '::1'),
(18, 'RP BAM 50 GB CE PROMO', 'BAM', 'BAM 50 GB', '20483057', 0, 1, 12, '2019-09-13 19:10:04', '::1'),
(19, 'RP BAM 50 GB LIMITADO CE', 'BAM', 'BAM 50 GB', '19796707', 17900, 1, 12, '2019-09-13 19:34:30', '::1'),
(20, 'RP BAM 100 GB CE PROMO', 'BAM', 'BAM 100 GB', '20483117', 0, 1, 12, '2019-09-13 19:34:49', '::1'),
(21, 'RP BAM 100 GB LIMITADO CE', 'BAM', 'BAM 100 GB', '19796707', 17900, 1, 12, '2019-09-13 19:10:25', '::1'),
(22, 'HFC HOGAR 1 PLAY', NULL, NULL, '10101010', 0, 1, NULL, '2019-03-13 14:48:30', NULL),
(23, 'HFC HOGAR 2 PLAY', NULL, NULL, '30303030', 0, 1, NULL, '2019-03-13 14:48:30', NULL),
(24, 'HFC HOGAR 3 PLAY', NULL, NULL, '40404040', 0, 1, NULL, '2019-03-13 14:48:30', NULL),
(25, 'DECODIFICADOR ESTANDAR', NULL, NULL, '50505050', 0, 1, NULL, '2019-03-13 14:48:30', NULL),
(26, 'DECODIFICADOR HD', NULL, NULL, '60606060', 2800, 1, NULL, '2019-03-13 14:48:30', NULL),
(27, 'DTH HOGAR 1 PLAY', NULL, NULL, '70707070', 0, 1, NULL, '2019-03-13 14:48:30', NULL),
(28, 'DTH HOGAR 2 PLAY', 'OTROS', 'OTROS', '80808080', 0, 1, 12, '2019-09-13 17:46:15', '::1'),
(29, 'Banda Ancha 20 Mbps + Wifi', NULL, NULL, 'HFC_00000001', 0, 1, NULL, '2019-03-13 14:48:30', NULL),
(30, 'Banda Ancha 50 Mbps + Wifi', NULL, NULL, 'HFC_00000002', 0, 1, NULL, '2019-03-13 14:48:30', NULL),
(31, 'Banda Ancha 100 Mbps + Wifi', NULL, NULL, 'HFC_00000003', 0, 1, NULL, '2019-03-13 14:48:30', NULL),
(32, 'Plan TV Pro HD', NULL, NULL, 'DTH_00000001', 0, 1, NULL, '2019-03-13 14:48:30', NULL),
(33, 'Plan TV Pro HD Mas', NULL, NULL, 'DTH_00000002', 0, 1, NULL, '2019-03-13 14:48:30', NULL),
(34, 'Plan TV Pro HD Futbol', NULL, NULL, 'DTH_00000003', 0, 1, NULL, '2019-03-13 14:48:30', NULL),
(35, 'Telefonia Controlada', NULL, NULL, 'HFC_00000007', 0, 1, NULL, '2019-03-13 14:48:30', NULL),
(36, 'Telefonia Ilimitada', NULL, NULL, 'HFC_00000008', 0, 1, NULL, '2019-03-13 14:48:30', NULL),
(37, 'Banda Ancha 20 Mbps + Wifi + Plan TV Pro HD', NULL, NULL, 'HFC_00000009', 0, 1, NULL, '2019-03-13 14:48:30', NULL),
(38, 'Banda Ancha Plan 20 Mbps + Wifi + Plan TV Pro HD Mas', NULL, NULL, 'HFC_00000010', 0, 1, NULL, '2019-03-13 14:48:30', NULL),
(39, 'Banda Ancha Plan 20 Mbps + Wifi+ Plan TV Pro HD Futbol', NULL, NULL, 'HFC_00000011', 0, 1, NULL, '2019-03-13 14:48:30', NULL),
(40, 'Banda Ancha 50 Mbps + Wifi + Plan TV Pro HD', NULL, NULL, 'HFC_00000012', 0, 1, NULL, '2019-03-13 14:48:30', NULL),
(41, 'Banda Ancha 50 Mbps + Wifi+ Plan TV Pro HD Mas', NULL, NULL, 'HFC_00000013', 0, 1, NULL, '2019-03-13 14:48:30', NULL),
(42, 'Banda Ancha 50 Mbps + Wifi + Plan TV Pro HD Futbol', NULL, NULL, 'HFC_00000014', 0, 1, NULL, '2019-03-13 14:48:30', NULL),
(43, 'Banda Ancha 100 Mbps + Wifi + Plan TV Pro HD', NULL, NULL, 'HFC_00000015', 0, 1, NULL, '2019-03-13 14:48:30', NULL),
(44, 'Banda Ancha 100 Mbps + Wifi+ Plan TV Pro HD Mas', NULL, NULL, 'HFC_00000016', 0, 1, NULL, '2019-03-13 14:48:30', NULL),
(45, 'Banda Ancha 100 Mbps + Wifi + Plan TV Pro HD Futbol', NULL, NULL, 'HFC_00000017', 0, 1, NULL, '2019-03-13 14:48:30', NULL),
(46, 'Banda Ancha 20 Mbps + Wifi + Telefonia Ilimitada', NULL, NULL, 'HFC_00000018', 0, 1, NULL, '2019-03-13 14:48:30', NULL),
(47, 'Banda Ancha 50 Mbps + Wifi + Telefonia Ilimitada', NULL, NULL, 'HFC_00000019', 0, 1, NULL, '2019-03-13 14:48:30', NULL),
(48, 'Banda Ancha 100 Mbps + Wifi + Telefonia Ilimitada', NULL, NULL, 'HFC_00000020', 0, 1, NULL, '2019-03-13 14:48:30', NULL),
(49, 'Plan TV Pro HD + Telefonia Ilimitada', NULL, NULL, 'HFC_00000021', 0, 1, NULL, '2019-03-13 14:48:30', NULL),
(50, 'Plan TV Pro HD Mas + Telefonia Ilimitada', NULL, NULL, 'HFC_00000022', 0, 1, NULL, '2019-03-13 14:48:30', NULL),
(51, 'Plan TV Pro HD Futbol + Telefonia Ilimitada', NULL, NULL, 'HFC_00000023', 0, 1, NULL, '2019-03-13 14:48:30', NULL),
(52, 'Banda Ancha 20 Mbps + Wifi + Plan TV Pro HD + Telefonia Ilimitada', NULL, NULL, 'HFC_00000024', 0, 1, NULL, '2019-03-13 14:48:30', NULL),
(53, 'Banda Ancha 20 Mbps + Wifi + Plan TV Pro HD Mas+ Telefonia Ilimitada', NULL, NULL, 'HFC_00000025', 0, 1, NULL, '2019-03-13 14:48:30', NULL),
(54, 'Banda Ancha 20 Mbps + Wifi + Plan TV Pro HD Futbol + Telefonia Ilimitada', NULL, NULL, 'HFC_00000026', 0, 1, NULL, '2019-03-13 14:48:30', NULL),
(55, 'Banda Ancha 50 Mbps+ Wifi + Plan TV Pro HD + Telefonia Ilimitada', NULL, NULL, 'HFC_00000027', 0, 1, NULL, '2019-03-13 14:48:30', NULL),
(56, 'Banda Ancha 50 Mbps + Wifi + Plan TV Pro HD Mas+ Telefonia Ilimitada', NULL, NULL, 'HFC_00000028', 0, 1, NULL, '2019-03-13 14:48:30', NULL),
(57, 'Banda Ancha50 Mbps + Wifi + Plan TV Pro HD Futbol + Telefonia Ilimitada', NULL, NULL, 'HFC_00000029', 0, 1, NULL, '2019-03-13 14:48:30', NULL),
(58, 'Banda Ancha 100 Mbps+ Wifi + Plan TV Pro HD + Telefonia Ilimitada', NULL, NULL, 'HFC_00000030', 0, 1, NULL, '2019-03-13 14:48:30', NULL),
(59, 'Banda Ancha 100 Mbps + Wifi + Plan TV Pro HD Mas+ Telefonia Ilimitada', NULL, NULL, 'HFC_00000031', 0, 1, NULL, '2019-03-13 14:48:30', NULL),
(60, 'Banda Ancha100 Mbps + Wifi + Plan TV Pro HD Futbol + Telefonia Ilimitada', NULL, NULL, 'HFC_00000032', 0, 1, NULL, '2019-03-13 14:48:30', NULL),
(64, 'Telefonia Control 150', NULL, NULL, 'DTH_00000004', 0, 1, NULL, '2019-03-13 14:48:30', NULL),
(65, 'Telefonia Control 300', NULL, NULL, 'DTH_00000005', 0, 1, NULL, '2019-03-13 14:48:30', NULL),
(66, 'Plan TV Pro HD + Telefonia Control 150', NULL, NULL, 'DTH_00000006', 0, 1, NULL, '2019-03-13 14:48:30', NULL),
(67, 'Plan TV Pro HD + Telefonia Control 300', NULL, NULL, 'DTH_00000007', 0, 1, NULL, '2019-03-13 14:48:30', NULL),
(68, 'Plan TV Pro HD Mas + Telefonia Control 150', NULL, NULL, 'DTH_00000008', 0, 1, NULL, '2019-03-13 14:48:30', NULL),
(69, 'Plan TV Pro HD  Mas + Telefonia Control 300', NULL, NULL, 'DTH_00000009', 0, 1, NULL, '2019-03-13 14:48:30', NULL),
(70, 'Plan TV Pro HD  Futbol + Telefonia Control 150', NULL, NULL, 'DTH_00000010', 0, 1, NULL, '2019-03-13 14:48:30', NULL),
(71, 'Plan TV Pro HD  Futbol + Telefonia Control 300', NULL, NULL, 'DTH_00000011', 0, 1, NULL, '2019-03-13 14:48:30', NULL),
(72, 'RP 04 2018 PLAN PREMIUM BLACK LIBRE', NULL, NULL, '21502567', 41990, 1, NULL, '2019-03-13 14:48:30', NULL),
(73, 'RP 01 2018 PLAN PREMIUM EP', NULL, NULL, '21393847', 28990, 1, NULL, '2019-03-13 14:48:30', NULL),
(74, 'RP 01 2018 PLAN PREMIUM', NULL, NULL, '21393827', 32990, 1, NULL, '2019-03-13 14:48:30', NULL),
(75, 'RP 01 2018 PLAN S CE EP', NULL, NULL, '21094147', 9990, 1, NULL, '2019-03-13 14:48:30', NULL),
(76, 'RP 01 2018 PLAN S CE', NULL, NULL, '21094117', 12990, 1, NULL, '2019-03-13 14:48:30', NULL),
(77, 'RP 01 2018 PLAN M CE EP', NULL, NULL, '21094017', 14990, 1, NULL, '2019-03-13 14:48:30', NULL),
(78, 'RP 01 2018 PLAN M CE', NULL, NULL, '21094047', 17990, 1, NULL, '2019-03-13 14:48:30', NULL),
(79, 'RP 01 2018 PLAN X CE EP', NULL, NULL, '21094007', 17990, 1, NULL, '2019-03-13 14:48:30', NULL),
(80, 'RP 01 2018 PLAN X CE', NULL, NULL, '21094037', 16990, 1, NULL, '2019-03-13 14:48:30', NULL),
(81, 'RP 01 2018 PLAN L EP', NULL, NULL, '21020567', 19900, 1, NULL, '2019-03-13 14:48:30', NULL),
(82, 'RP 01 2018 PLAN L', NULL, NULL, '21020497', 18990, 1, NULL, '2019-03-13 14:48:30', NULL),
(83, 'RP 01 2018 PLAN XL EP', NULL, NULL, '21020547', 21990, 1, NULL, '2019-03-13 14:48:30', NULL),
(84, 'RP 01 2018 PLAN XL', NULL, NULL, '21020577', 21020577, 1, NULL, '2019-03-13 14:48:30', NULL),
(85, 'RP 01 2018 PLAN ILIMITADO HD EP', NULL, NULL, '21020587', 26990, 1, NULL, '2019-03-13 14:48:30', NULL),
(86, 'RP 01 2018 PLAN ILIMITADO HD', NULL, NULL, '21020607', 27990, 1, NULL, '2019-03-13 14:48:30', NULL),
(87, '07 2017 PLAN SILVER EQUIPO PROPIO', NULL, NULL, '20342967', 31990, 1, NULL, '2019-03-13 14:48:30', NULL),
(88, '07 2017 PLAN SILVER EQUIPO EN ARRIENDO', NULL, NULL, '20333377', 37990, 1, NULL, '2019-03-13 14:48:30', NULL),
(89, '07 2017 PLAN BLACK EQUIPO PROPIO', NULL, NULL, '20344827', 40990, 1, NULL, '2019-03-13 14:48:30', NULL),
(90, '07 2017 PLAN BLACK EQUIPO EN ARRIENDO', NULL, NULL, '20335237', 47990, 1, NULL, '2019-03-13 14:48:30', NULL),
(91, '09 2018-EP-PLAN X', 'PLAN X', 'MAX X', 'PLAN X', 0, 1, 12, '2019-09-13 14:21:45', '::1'),
(92, '12 2018-ARR-MAX L', 'PLAN L', 'MAX L', 'PLAN L', 19990, 1, 12, '2019-09-13 14:22:40', '::1'),
(93, '12 2018-ARR-MAX M', 'PLAN M', 'MAX M', 'PLAN M', 14990, 1, 12, '2019-09-13 14:24:43', '::1'),
(94, '12 2018-ARR-MAX PREMIUM LIBRE', 'PLAN PREMIUM', 'MAX PREMIUM', 'PLAN PREMIUM', 29990, 1, 12, '2019-09-13 14:25:28', '::1'),
(95, '12 2018-ARR-MAX XL', 'PLAN XL', 'MAX XL', 'PLAN XL', 24990, 1, 12, '2019-09-13 14:26:11', '::1'),
(96, '12 2018-ARR-MAX Y', 'PLAN Y', 'MAX Y', 'PLAN Y', 12990, 1, 12, '2019-09-13 14:27:22', '::1'),
(97, '12 2018-ARR-PLAN S CE', 'PLAN S', 'PLAN S', 'PLAN S', 10990, 1, 12, '2019-09-13 14:29:15', '::1'),
(98, '12 2018-EP-MAX M', 'PLAN M', 'MAX M', 'PLAN M', 14990, 1, 12, '2019-09-13 14:30:49', '::1'),
(99, '12 2018-EP-MAX XL', 'PLAN XL', 'MAX XL', 'PLAN XL', 24990, 1, 12, '2019-09-13 14:32:29', '::1'),
(100, '12 2018-EP-MAX Y', 'PLAN Y', 'MAX Y', 'PLAN Y', 0, 1, 12, '2019-09-13 14:34:52', '::1'),
(101, '12 2018-EP-MAX-L', 'PLAN L', 'MAX L', 'PLAN L', 0, 1, 12, '2019-09-13 14:35:20', '::1'),
(102, '12 2018-EP-MAX-PREMIUM LIBRE', 'PLAN PREMIUM', 'MAX PREMIUM', 'PLAN PREMIUM', 0, 1, 12, '2019-09-13 14:36:02', '::1'),
(103, '12 2018-EP-PLAN S CE', 'PLAN S', 'PLAN S', 'PLAN S', 0, 1, 12, '2019-09-13 14:36:28', '::1'),
(104, 'RP 09 2018-EP-PLAN XL', 'PLAN XL', 'MAX XL', 'PLAN XL', 0, 1, 12, '2019-09-13 14:43:23', '::1'),
(105, '12 2018-GGTT-MAX L', 'PLAN L', 'MAX L', 'PLAN L', 0, 1, 12, '2019-09-13 14:45:58', '::1'),
(106, '12 2018-ARR-MAX PREMIUN LIBRE', 'PLAN PREMIUM', 'MAX PREMIUM', 'PLAN PREMIUM', 0, 1, 12, '2019-09-13 14:46:58', '::1'),
(107, '12 2018-ARR-MAX PREMIUM BLACK LIBRE', 'PLAN PREMIUM BLACK', 'MAX PREMIUM BLACK', '22043187', 0, 1, 12, '2019-10-04 13:58:08', '::1');

-- --------------------------------------------------------

--
-- Table structure for table `sales_status`
--

CREATE TABLE `sales_status` (
  `id` int(11) NOT NULL,
  `description` varchar(512) DEFAULT NULL
) ENGINE=InnoDB DEFAULT CHARSET=utf8 ROW_FORMAT=COMPACT;

--
-- Dumping data for table `sales_status`
--

INSERT INTO `sales_status` (`id`, `description`) VALUES
(1, 'Habilitado NB'),
(2, 'Habilitado Otro CallCenter'),
(3, 'Pendiente'),
(4, 'Habilitado-Apelacion'),
(5, 'Cancelado'),
(6, 'Habilitado DAC No aliado GGTT'),
(7, 'Cancelado X hab'),
(8, 'Aseguramiento');

-- --------------------------------------------------------

--
-- Table structure for table `sales_type_channel`
--

CREATE TABLE `sales_type_channel` (
  `id` int(11) NOT NULL,
  `description` text
) ENGINE=InnoDB DEFAULT CHARSET=utf8 ROW_FORMAT=COMPACT;

--
-- Dumping data for table `sales_type_channel`
--

INSERT INTO `sales_type_channel` (`id`, `description`) VALUES
(1, 'Newborder Inbound'),
(2, 'Newborder Outbound'),
(3, 'Newborder NAP'),
(4, 'Newborder PYME'),
(5, 'Newborder Digital'),
(6, 'Newborder OFC'),
(7, 'Newborder OFC S'),
(8, 'Newborder WS');

-- --------------------------------------------------------

--
-- Table structure for table `sales_type_of_accreditation`
--

CREATE TABLE `sales_type_of_accreditation` (
  `id` bigint(20) NOT NULL,
  `description` text
) ENGINE=InnoDB DEFAULT CHARSET=utf8 ROW_FORMAT=COMPACT;

--
-- Dumping data for table `sales_type_of_accreditation`
--

INSERT INTO `sales_type_of_accreditation` (`id`, `description`) VALUES
(1, 'SIN ACREDITACION'),
(2, 'BOLETA COMPETENCIA'),
(3, 'CLIENTE CLARO'),
(4, 'IVA');

-- --------------------------------------------------------

--
-- Table structure for table `users`
--

CREATE TABLE `users` (
  `id` bigint(20) UNSIGNED NOT NULL,
  `run` varchar(20) COLLATE utf8mb4_unicode_ci NOT NULL,
  `name` varchar(255) COLLATE utf8mb4_unicode_ci NOT NULL,
  `email` varchar(255) COLLATE utf8mb4_unicode_ci NOT NULL,
  `email_verified_at` timestamp NULL DEFAULT NULL,
  `password` varchar(255) COLLATE utf8mb4_unicode_ci NOT NULL,
  `remember_token` varchar(100) COLLATE utf8mb4_unicode_ci DEFAULT NULL,
  `telephone` varchar(25) COLLATE utf8mb4_unicode_ci DEFAULT NULL,
  `avatar` varchar(50) CHARACTER SET latin1 DEFAULT NULL,
  `birthday` date DEFAULT NULL,
  `department` varchar(45) CHARACTER SET latin1 DEFAULT NULL,
  `appointment` varchar(150) COLLATE utf8mb4_unicode_ci DEFAULT NULL,
  `is_admin` tinyint(3) DEFAULT '0',
  `status` tinyint(3) UNSIGNED ZEROFILL DEFAULT '001',
  `created_at` timestamp NULL DEFAULT NULL,
  `updated_at` timestamp NULL DEFAULT NULL
) ENGINE=InnoDB DEFAULT CHARSET=utf8mb4 COLLATE=utf8mb4_unicode_ci;

--
-- Dumping data for table `users`
--

INSERT INTO `users` (`id`, `run`, `name`, `email`, `email_verified_at`, `password`, `remember_token`, `telephone`, `avatar`, `birthday`, `department`, `appointment`, `is_admin`, `status`, `created_at`, `updated_at`) VALUES
(1, '26974050-7', 'Haleym Hidalgo Moyetones', 'haleym.hidalgo@newborder.cl', NULL, '$2y$10$uv3BFcPsB91LnPw05zCylOeihSUjUHPiLAMLZ4ZUwvQpwCKoLOR0K', 'eU14vOJHqHyp4dJInyazvEmD0eD2BUzuAdkPPQcDiXyQ2LFHyUoPxxnHDVJL', '981762473', NULL, '1980-12-24', 'Telecom', 'Desarrollador Full Stack', NULL, 001, '2019-12-06 18:04:25', '2019-12-06 23:50:14');

--
-- Indexes for dumped tables
--

--
-- Indexes for table `failed_jobs`
--
ALTER TABLE `failed_jobs`
  ADD PRIMARY KEY (`id`);

--
-- Indexes for table `migrations`
--
ALTER TABLE `migrations`
  ADD PRIMARY KEY (`id`);

--
-- Indexes for table `password_resets`
--
ALTER TABLE `password_resets`
  ADD KEY `password_resets_email_index` (`email`);

--
-- Indexes for table `sales_branch`
--
ALTER TABLE `sales_branch`
  ADD PRIMARY KEY (`id`) USING BTREE;

--
-- Indexes for table `sales_city`
--
ALTER TABLE `sales_city`
  ADD PRIMARY KEY (`id`) USING BTREE;

--
-- Indexes for table `sales_comuna`
--
ALTER TABLE `sales_comuna`
  ADD PRIMARY KEY (`id`) USING BTREE;

--
-- Indexes for table `sales_equipo`
--
ALTER TABLE `sales_equipo`
  ADD PRIMARY KEY (`id`) USING BTREE;

--
-- Indexes for table `sales_mobile_brand`
--
ALTER TABLE `sales_mobile_brand`
  ADD PRIMARY KEY (`id`) USING BTREE;

--
-- Indexes for table `sales_plan`
--
ALTER TABLE `sales_plan`
  ADD PRIMARY KEY (`id`) USING BTREE;

--
-- Indexes for table `sales_status`
--
ALTER TABLE `sales_status`
  ADD PRIMARY KEY (`id`) USING BTREE;

--
-- Indexes for table `sales_type_channel`
--
ALTER TABLE `sales_type_channel`
  ADD PRIMARY KEY (`id`) USING BTREE;

--
-- Indexes for table `sales_type_of_accreditation`
--
ALTER TABLE `sales_type_of_accreditation`
  ADD PRIMARY KEY (`id`) USING BTREE;

--
-- Indexes for table `users`
--
ALTER TABLE `users`
  ADD PRIMARY KEY (`id`),
  ADD UNIQUE KEY `users_email_unique` (`email`);

--
-- AUTO_INCREMENT for dumped tables
--

--
-- AUTO_INCREMENT for table `failed_jobs`
--
ALTER TABLE `failed_jobs`
  MODIFY `id` bigint(20) UNSIGNED NOT NULL AUTO_INCREMENT;

--
-- AUTO_INCREMENT for table `migrations`
--
ALTER TABLE `migrations`
  MODIFY `id` int(10) UNSIGNED NOT NULL AUTO_INCREMENT, AUTO_INCREMENT=4;

--
-- AUTO_INCREMENT for table `sales_branch`
--
ALTER TABLE `sales_branch`
  MODIFY `id` bigint(20) NOT NULL AUTO_INCREMENT, AUTO_INCREMENT=148;

--
-- AUTO_INCREMENT for table `sales_city`
--
ALTER TABLE `sales_city`
  MODIFY `id` int(11) NOT NULL AUTO_INCREMENT, AUTO_INCREMENT=60;

--
-- AUTO_INCREMENT for table `sales_comuna`
--
ALTER TABLE `sales_comuna`
  MODIFY `id` int(11) NOT NULL AUTO_INCREMENT, AUTO_INCREMENT=358;

--
-- AUTO_INCREMENT for table `sales_equipo`
--
ALTER TABLE `sales_equipo`
  MODIFY `id` bigint(20) NOT NULL AUTO_INCREMENT, AUTO_INCREMENT=326;

--
-- AUTO_INCREMENT for table `sales_mobile_brand`
--
ALTER TABLE `sales_mobile_brand`
  MODIFY `id` bigint(20) NOT NULL AUTO_INCREMENT, AUTO_INCREMENT=11;

--
-- AUTO_INCREMENT for table `sales_plan`
--
ALTER TABLE `sales_plan`
  MODIFY `id` bigint(20) NOT NULL AUTO_INCREMENT, AUTO_INCREMENT=108;

--
-- AUTO_INCREMENT for table `sales_status`
--
ALTER TABLE `sales_status`
  MODIFY `id` int(11) NOT NULL AUTO_INCREMENT, AUTO_INCREMENT=9;

--
-- AUTO_INCREMENT for table `sales_type_channel`
--
ALTER TABLE `sales_type_channel`
  MODIFY `id` int(11) NOT NULL AUTO_INCREMENT, AUTO_INCREMENT=9;

--
-- AUTO_INCREMENT for table `sales_type_of_accreditation`
--
ALTER TABLE `sales_type_of_accreditation`
  MODIFY `id` bigint(20) NOT NULL AUTO_INCREMENT, AUTO_INCREMENT=5;

--
-- AUTO_INCREMENT for table `users`
--
ALTER TABLE `users`
  MODIFY `id` bigint(20) UNSIGNED NOT NULL AUTO_INCREMENT, AUTO_INCREMENT=2;
COMMIT;

/*!40101 SET CHARACTER_SET_CLIENT=@OLD_CHARACTER_SET_CLIENT */;
/*!40101 SET CHARACTER_SET_RESULTS=@OLD_CHARACTER_SET_RESULTS */;
/*!40101 SET COLLATION_CONNECTION=@OLD_COLLATION_CONNECTION */;
